Name,Year,Rating,Verdict,Color,Intensity,Aroma,Sweetness,Acidity,Alcohol,Tannin,Balance,Finish,Aftertaste
"EQUINOX, Luchineasa",2020,90.7,nice,9.0,9.0,9.4,9.0,8.9,8.9,8.9,8.9,8.9,8.4
"BAHU WINERY, Sauvignon Blanc",2020,89.8,nice,9.4,9.4,9.3,8.9,8.3,8.2,8.2,8.2,8.2,8.2
"CRAMA BAUER, Feteasca Alba",2019,91.9,fine,9.6,9.6,9.5,9.1,9.1,9.1,9.0,9.0,9.0,8.9
"BOUCHIÉ-CHATELLIER, Argile à Silex, Pouilly-Fumé",2019,92.8,fine,9.7,9.6,9.5,9.2,9.2,9.2,9.2,9.1,9.1,9.0
"RASOVA, Nud",2020,92.0,fine,9.5,9.5,9.4,9.2,9.2,9.1,9.1,9.0,9.0,9.0
"EQUINOX, Luchineasa",2019,91.7,fine,9.6,9.6,9.5,9.3,9.2,9.0,8.9,8.9,8.9,8.8
"GALA, Pinot Noir – Merlot, Bergrus",2019,92.4,fine,9.6,9.5,9.5,9.3,9.2,9.1,9.1,9.1,9.1,8.9
"DOMENIILE FRANCO-ROMANE, Vigneron, Pinot Noir",2018,92.9,fine,9.7,9.5,9.6,9.5,9.3,9.3,9.2,9.2,9.1,9.0
"PELICAN NEGRU, Single Vineyard, Pinot Noir",2018,90.5,nice,9.0,9.4,9.3,9.2,9.1,8.3,8.2,8.9,8.3,8.7
"CRAMA BAUER, F.N.",2018,92.5,fine,9.7,9.6,9.4,9.3,9.2,9.2,9.1,9.1,9.0,8.9
"PRIPA, Saperavi",2018,91.7,fine,9.7,9.6,9.6,9.3,9.2,9.0,8.9,8.9,8.8,8.7
"EQUINOX, 5 Elemente",2018,92.4,fine,9.6,9.6,9.5,9.3,9.2,9.2,9.1,9.1,9.0,8.8
"DOMENIILE PRINCE MATEI, Rosu, Dealu Mare",2018,92.3,fine,9.6,9.6,9.5,9.3,9.2,9.1,9.1,9.0,9.0,8.9
"A.GERE, Cabernet Sauvignon",2018,92.6,fine,9.6,9.5,9.5,9.4,9.3,9.1,9.1,9.1,9.1,8.9
"SERVE, Cuvée Alexandru",2017,92.7,fine,9.6,9.6,9.5,9.5,9.4,9.3,9.2,9.1,9.1,9.1
"CHATEAU CRISTI, Merlot",2017,92.4,fine,9.6,9.6,9.5,9.3,9.2,9.1,9.1,9.1,9.0,8.9
"BALLA GÉZA, Stonewine, Blaufränkisch",2016,93.5,great,9.7,9.7,9.6,9.4,9.3,9.2,9.2,9.2,9.1,9.1
"CHATEAU VALVIS, Cabernet Sauvignon, Private Reserve",2016,93.4,great,9.7,9.6,9.6,9.5,9.4,9.2,9.2,9.1,9.1,9.0
"DOMENIILE PANCIU, Cuvée Prestige, Brut",2015,92.7,fine,9.7,9.7,9.6,9.2,9.2,9.1,9.1,9.1,9.0,9.0
"CARASTELEC, Vinca, Theresia, Rhein Riesling",2019,94.0,great,9.7,9.7,9.7,9.6,9.6,9.4,9.3,9.3,9.2,9.1
"DOMENIUL COROANEI, Principesa Margareta",2018,93.5,great,9.7,9.6,9.0,9.3,9.3,9.3,9.2,9.2,9.2,9.2
"CRAMA BAUER, Sauvignon Blanc",2018,92.3,fine,9.6,9.5,9.4,9.2,9.2,9.1,9.1,9.1,9.1,9.0
"EQUINOX, 5 Elemente",2020,92.2,fine,9.6,9.5,9.4,9.3,9.2,9.1,9.1,9.0,9.0,9.0
"VINARTE, Soare, Rose",2020,93.0,great,9.6,9.5,9.4,9.3,9.3,9.2,9.2,9.2,9.2,9.1
"THESAURUS, Amadoc, Pinot Noir",2018,91.7,fine,9.6,9.0,9.4,9.2,9.1,9.1,9.0,9.0,8.9,8.9
"NOVAK, Pinot Noir",2018,90.7,nice,9.0,9.4,9.4,9.1,9.1,8.9,8.2,8.8,8.9,8.3
"A.GERE, Portugieser",2018,92.0,fine,9.6,9.5,9.5,9.2,9.1,9.1,9.1,9.0,9.0,8.9
"EQUINOX, Shiraz",2018,93.1,great,9.6,9.6,9.6,9.6,9.4,9.4,9.2,9.2,9.1,9.0
"CRAMA BAUER, P.V.",2018,92.2,fine,9.7,9.6,9.5,9.3,9.1,9.1,9.0,9.0,9.0,8.9
"DOMENIUL COROANEI, Principesa Margareta",2017,92.5,fine,9.6,9.6,9.5,9.3,9.2,9.2,9.1,9.1,9.0,8.9
"TASCA, Sallier de la Tour, La Monaca, Syrah, Monreale",2017,92.3,fine,9.6,9.6,9.6,9.3,9.2,9.2,9.1,9.0,9.0,8.7
"BISQUERTT, La Joya, Single Vineyard, Cabernet Sauvignon",2017,92.5,fine,9.6,9.5,9.5,9.3,9.2,9.2,9.1,9.1,9.0,9.0
"CASA ISARESCU, Cabernet Sauvignon, Rezerva",2017,92.5,fine,9.6,9.6,9.5,9.4,9.3,9.2,9.2,9.0,8.9,8.8
"BALLA GÉZA, Stonewine, Cadarca",2017,92.5,fine,9.6,9.6,9.5,9.3,9.3,9.2,9.1,9.0,9.0,8.9
"RUTHERFORD HILL, Cabernet Sauvignon",2014,94.0,great,9.7,9.5,9.6,9.6,9.5,9.5,9.3,9.3,9.2,9.2
"CASA SILVA, 5th, Quinta Generacion",2012,94.0,great,9.7,9.5,9.6,9.5,9.4,9.2,9.3,9.3,9.3,9.3
"THE ICONIC ESTATE, Rhein Extra, Brut Natur, Vintage 2013",2013,92.5,fine,9.7,9.6,9.6,9.2,9.2,9.1,9.1,9.1,9.0,8.9
"BAHU WINERY, Sauvignon Blanc Fumé",2020,90.3,nice,9.5,9.4,9.5,8.8,8.9,8.7,8.8,8.8,9.1,8.8
"BUDUREASCA, Premium, Fumé",2019,92.8,fine,9.4,9.5,9.6,9.0,9.0,9.0,9.0,9.0,9.0,9.1
"CRAMA BAUER, Sauvignonasse",2018,91.7,fine,9.6,9.5,9.5,9.0,9.1,9.0,9.0,9.0,9.1,8.9
"VIA VITICOLA, Scentico, Chardonnay",2017,90.1,nice,9.5,9.5,9.4,8.8,8.8,8.8,8.8,8.8,8.9,8.8
"EQUINOX, 5 Elemente",2019,90.3,nice,9.7,9.5,9.3,8.8,8.8,8.9,8.7,8.8,9.1,8.7
"SERVE, Cuvée Sissi",2020,92.0,fine,9.6,9.5,9.6,9.0,9.1,9.0,9.0,9.0,9.1,9.1
"BODEGAS JUAN GIL, Llicorella, Bluegray, Red Blend, Priorat",2019,92.4,fine,9.5,9.5,9.6,9.1,9.0,9.0,9.4,9.1,9.0,9.0
"PURCARI, Feteasca Neagra de Purcari",2019,91.7,fine,9.3,9.5,9.5,9.1,9.0,9.0,9.0,9.0,9.3,9.0
"VIA VITICOLA, Épiphanie",2019,93.7,great,9.7,9.6,9.6,9.5,9.4,9.3,9.2,9.2,9.1,9.1
"FÁUTOR, Tempranillo",2018,91.3,fine,9.4,9.5,9.7,8.9,8.9,8.8,9.2,8.9,9.2,8.8
"ET CETERA, Carmenere",2018,90.7,nice,9.6,9.5,9.6,8.9,8.8,8.9,8.8,8.8,9.1,8.7
"SANTO WINES, Mavrotragano",2018,92.5,fine,9.4,9.5,9.6,9.0,9.1,9.1,9.3,9.1,9.3,8.9
"CRAMA BAUER, Cabernet Franc",2018,93.3,great,9.5,9.7,9.7,9.3,9.0,9.1,9.0,9.0,9.3,9.1
"CRAMA FERDI, Red King Rezerva",2018,92.8,fine,9.5,9.5,9.5,9.3,9.0,8.9,9.4,9.0,9.4,8.9
"VINARTE, Soare, Cabernet Sauvignon",2017,94.4,great,9.6,9.7,9.7,9.3,9.3,9.4,9.5,9.4,9.5,9.1
"CRAMA OPRISOR, Cabernet Sauvignon",2017,93.5,great,9.7,9.6,9.7,9.0,9.0,9.0,9.3,9.0,9.3,9.1
"ALPHA ESTATE, Ecosystem, Xinomavro, Reserve, Single Block",2016,92.9,fine,9.4,9.5,9.7,9.0,9.1,9.1,9.3,9.0,9.4,9.0
"PRINCE STIRBEY, Merlot, Rezerva, Ordinul de Malta",2016,93.2,great,9.6,9.6,9.7,9.0,9.1,9.0,9.3,9.0,9.3,9.0
"VINOS DE POTRERO, El Debut de Potrero, Gualtallary",2014,92.4,fine,9.7,9.6,9.6,9.1,9.0,8.9,9.3,9.0,9.4,8.8
"LA JARA, Prosecco, Brut",2014,90.4,nice,9.6,9.6,9.6,8.7,8.8,8.9,8.8,8.8,8.8,8.8
"TOHANI, Flori de Gheata, Rose Dulce",2014,91.7,fine,9.4,9.4,9.4,9.1,9.1,9.1,9.0,9.1,9.1,9.0
"VIA VITICOLA, Scentico, Chardonnay",2014,91.5,fine,9.5,9.5,9.7,8.9,9.1,8.9,8.9,9.0,9.1,8.9
"SERVE, Cuvée Maxence",2019,92.0,fine,9.6,9.4,9.5,9.0,9.0,9.1,9.1,9.1,9.0,9.0
"FÁUTOR, Fumé Blanc",2018,93.3,great,9.5,9.5,9.6,9.0,9.3,9.3,9.0,9.3,9.0,9.0
"BALLA GEZA, Stonewine, Furmint",2017,90.9,nice,9.5,9.6,9.5,8.9,8.9,8.9,8.8,8.9,9.1,8.8
"FÁUTOR, Vivienne Cuvée",2020,91.9,fine,9.6,9.5,9.6,9.0,9.1,9.1,9.0,9.0,9.0,9.0
"VIA VITICOLA, Pergament, Petit Verdot",2018,92.0,fine,9.4,9.5,9.6,9.1,9.1,9.0,9.0,9.1,9.0,8.8
"TERRA DACIA, Feteasca Neagra",2019,90.0,nice,9.4,9.5,9.4,8.8,8.7,8.8,9.0,8.7,9.0,8.7
"FÁUTOR, Aurore, Rara Neagra",2018,91.5,fine,9.3,9.5,9.5,8.9,9.0,9.0,9.2,9.0,9.2,8.9
"CRAMA FERDI, Cuvée Francisc",2018,94.0,great,9.7,9.7,9.6,9.4,9.2,9.2,9.3,9.3,9.1,9.1
"CORTEN, Cabernet Franc",2018,90.5,nice,9.3,9.4,9.3,8.9,8.9,9.0,8.9,8.9,9.0,8.9
"VALAHORUM, Mierla Alba",2017,91.2,fine,9.3,9.4,9.5,9.1,9.1,8.9,8.9,9.0,9.2,8.8
"NOVAK, Saperavi",2017,91.3,fine,9.5,9.4,9.5,9.1,9.0,8.7,9.2,8.9,9.3,8.7
"FÁUTOR, Aurore, Syrah – Cabernet Sauvignon",2017,92.0,fine,9.5,9.5,9.6,9.0,8.9,9.0,9.3,9.0,9.3,8.9
"AVINCIS, Cuvée Andrei, Cabernet Sauvignon",2017,92.5,fine,9.5,9.6,9.7,9.0,9.1,9.1,9.0,9.1,9.3,8.9
"EQUINOX, Sintagma",2017,93.2,great,9.6,9.7,9.7,9.0,9.0,9.1,9.4,9.0,9.4,9.0
"SERVE, Rouge",2015,91.3,fine,9.5,9.4,9.3,9.0,9.0,8.9,9.2,9.0,9.1,8.9
"DOMENIILE PRINCE MATEI, Merlot – Rezerva",2013,93.0,great,9.5,9.5,9.7,9.0,9.1,9.1,9.3,9.0,9.3,9.1
"THE ICONIC ESTATE, Rhein Extra, Rosé, Brut",2013,91.6,fine,9.5,9.5,9.6,9.0,9.1,9.0,8.9,9.0,9.1,8.9
"TOHANI, Flori de Gheata, Alb Dulce",2015,92.0,fine,9.4,9.4,9.3,9.0,9.0,9.1,9.0,9.1,9.1,9.0
"VIA VITICOLA, Trilogie in Alb",2015,92.2,fine,9.4,9.4,9.4,9.1,9.0,9.0,9.1,9.0,9.1,9.1
"FÁUTOR, Blanca Cuvée",2020,92.5,fine,9.5,9.6,9.7,9.0,9.0,9.1,9.0,9.1,9.0,9.1
"PURCARI, Viorica de Purcari",2020,91.7,fine,9.5,9.6,9.7,9.0,9.1,8.9,8.8,9.0,9.0,8.9
"CRAMA FERDI, Madame S.",2020,93.0,great,9.3,9.7,9.8,9.0,9.1,9.1,9.0,9.1,9.3,9.0
"TERRA DACIA, Cabernet Franc Blanc",2019,89.8,nice,9.5,9.3,9.1,8.8,8.9,8.8,8.8,8.8,8.9,8.9
"VINARIA JUGRESTAN, Ortoman",2018,90.4,nice,9.4,9.5,9.4,8.8,8.7,8.8,9.0,8.8,9.2,8.8
NOVAK1 Red Blend,2018,91.1,fine,9.3,9.4,9.5,8.8,8.9,9.0,9.2,9.0,9.0,9.0
"DOMENIILE VINARTE, Merlot & Cabernet Sauvignon",1998,91.6,fine,9.4,9.4,9.5,9.0,8.9,8.9,9.3,9.0,9.2,9.0
"TERRA DACIA, Merlot & Cabernet Sauvignon",2017,92.5,fine,9.5,9.5,9.6,9.1,9.0,9.1,9.4,9.1,9.3,8.9
"VALAHORUM, Apogeum, Feteasca Neagra",2016,92.5,fine,9.5,9.6,9.7,9.1,9.1,9.1,9.0,9.1,9.0,9.1
"CRAMA FERDI, Cuvée Pitigaia",2016,93.0,great,9.5,9.6,9.5,9.5,9.4,9.2,9.2,9.2,9.2,9.1
"FÁUTOR, Illustro",2015,92.8,fine,9.6,9.6,9.7,9.1,9.0,9.0,9.0,9.1,9.0,8.9
"CHATEAU DÉNOVIE, Rouge de Dénovie, Cuveé Grand Vintage",2015,89.4,nice,9.3,9.5,9.2,8.8,8.9,8.7,8.7,8.7,8.9,8.7
"DOMAINE BESSA VALLEY, Grande Cuvée",2015,94.7,great,9.7,9.6,9.6,9.4,9.4,9.4,9.4,9.2,9.2,9.2
"A.GERE, Kopar, Villányi Cuvée",2015,94.7,great,9.7,9.6,9.6,9.5,9.5,9.4,9.4,9.2,9.3,9.3
"1000 DE CHIPURI, Distinctis",1000,92.0,fine,9.7,9.6,9.7,8.9,8.8,8.9,9.0,8.9,9.3,8.8
"SERVE, Cuvée Charlotte",2014,93.1,great,9.7,9.5,9.5,9.1,9.0,9.1,9.4,9.0,9.3,9.1
"CORTEN, Merlot",2014,90.6,nice,8.9,9.4,9.3,8.9,9.0,9.0,9.1,9.0,9.1,8.9
"THE ICONIC ESTATE, Rhein Extra, Imperial, Brut",2014,91.9,fine,9.5,9.5,9.6,9.0,9.1,9.1,8.9,9.0,9.1,9.1
"GITANA WINERY, La Petite Sophie",2018,92.7,fine,9.6,9.6,9.7,9.0,9.1,9.0,9.1,9.1,9.3,9.0
"SERVE, Terra Romana, Feteasca Alba",2018,91.1,fine,9.6,9.5,9.6,9.0,9.0,8.8,8.8,8.9,9.0,8.9
"TERRA DACIA, Sauvignon Blanc",2019,90.4,nice,9.5,9.6,9.7,8.8,8.9,8.7,8.7,8.8,8.9,8.8
"KLEINE KAAP WINES, Chenin Blanc",2020,91.6,fine,9.4,9.5,9.1,9.0,9.2,9.1,9.1,9.1,9.1,9.0
"FAMBER WINERY, Viorica",2020,91.1,fine,9.4,9.5,9.3,8.9,9.0,9.0,8.9,8.9,9.1,9.1
"CRAMA LA SALINA, Satyr, Rose",2019,91.7,fine,9.6,9.5,9.7,9.0,9.1,8.9,9.0,9.0,8.9,9.0
"TERRA DACIA, Zaiber",2019,91.0,fine,9.6,9.4,9.6,9.1,8.8,8.7,9.2,8.7,9.2,8.7
"CASA PETRU, Feteasca Neagra, Private Wine Collection",2018,89.9,nice,9.4,9.4,9.3,8.8,8.8,8.8,8.9,8.8,9.0,8.7
"CORTEN, Cabernet Sauvignon",2015,90.6,nice,9.5,9.4,9.4,8.9,8.9,8.8,9.0,8.8,9.2,8.7
"CHATEAU DÉNOVIE, Saperavi",2016,89.3,nice,9.4,9.3,9.1,8.8,8.8,8.7,8.9,8.7,8.9,8.7
"METAMORFOSIS, Cantvs Primvs, Cabernet Sauvignon",2016,92.6,fine,9.5,9.6,9.7,9.0,8.9,9.1,9.3,9.1,9.3,8.9
"SERVE, Terra Romana, Feteasca Neagra",2016,91.6,fine,9.5,9.5,9.5,9.1,9.0,8.9,9.2,9.0,9.1,8.8
"VINARIA JUGRESTAN, Pururea",2018,91.8,fine,9.4,9.6,9.6,9.1,8.8,9.0,9.1,9.0,9.0,9.0
"MINIS TERRIOS403, Cabernet Sauvignon & Merlot",2018,89.3,nice,8.8,9.3,8.9,8.9,8.9,8.7,9.1,8.8,9.1,8.8
"TENUTA LUCE, La Vite Lucente, Toscana",2017,92.8,fine,9.5,9.6,9.7,9.1,9.1,9.0,9.3,9.1,9.3,9.1
"BAUER, Cabernet Sauvignon",2017,93.0,great,9.6,9.7,9.8,9.1,9.1,9.1,9.0,9.1,9.0,9.1
"PURCARI, Negru de Purcari, Vintage",2017,92.7,fine,9.6,9.6,9.7,9.1,9.1,9.1,9.0,9.1,9.0,9.0
"EQUINOX, Echinoctius",2017,92.7,fine,9.7,9.7,9.7,9.1,9.1,9.0,9.0,9.0,9.3,9.0
"EGOBODEGAS, Goru, 38 Barrels",2016,92.3,fine,9.5,9.6,9.5,9.1,8.9,9.1,9.3,9.1,9.3,8.9
"C&C, Japo, Valdobbiadene, Prosecco Superiore, Millesimato",2018,91.8,fine,9.5,9.4,9.5,9.0,9.0,9.1,9.1,9.2,9.0,9.0
"NOVAK, Alb de Onitcani – Rcatiteli, 500 Litres Barrels",2018,91.2,fine,9.4,9.4,9.5,9.0,9.1,8.9,8.9,9.0,9.1,8.9
"PELICAN NEGRU, Lace White Blend",2019,89.3,nice,9.4,9.4,9.2,8.8,8.8,8.7,8.7,8.7,8.9,8.7
"TE WĀ WINES, Chardonnay",2019,91.7,fine,9.6,9.6,9.7,9.0,9.1,9.0,8.9,9.0,9.0,8.8
"PURCARI, Viorica de Purcari",2019,91.4,fine,9.6,9.6,9.5,9.0,9.1,8.9,8.8,8.9,9.2,8.8
"GAIA, Thalassitis, Santorini",2019,93.7,great,9.6,9.6,9.8,9.3,9.5,9.3,9.0,9.3,9.1,9.0
"VALDECUEVAS, Rosé",2019,91.9,fine,9.6,9.5,9.6,9.1,9.1,9.0,8.9,9.0,9.1,9.0
"ATÚ WINERY, Calibru .12-21",2017,91.0,fine,9.4,9.5,9.6,9.0,9.1,8.8,9.1,9.0,9.4,8.9
"FÁUTOR, Negre",2017,91.1,fine,9.5,9.6,9.7,9.0,8.9,8.9,9.0,8.9,9.2,8.9
"LARGA VALLEY, Larga, Merlot",2019,90.3,nice,9.2,9.4,9.5,8.8,8.9,8.9,8.9,8.9,9.0,8.8
"TE WĀ WINES, Feteasca Neagra",2019,92.5,fine,9.4,9.5,9.6,9.1,9.0,9.1,9.0,9.0,9.0,9.0
"GITANA WINERY, Saperavi",2018,92.3,fine,9.6,9.7,9.7,8.9,9.0,9.0,9.0,9.0,9.0,9.0
"PRIPA, Saperavi",2017,90.6,nice,9.6,9.5,9.6,8.8,8.8,8.7,9.0,8.8,9.1,8.7
"NEDERBURG, The Manor House, Shiraz",2015,92.7,fine,9.5,9.5,9.6,9.1,9.0,9.0,9.3,9.1,9.4,9.0
"TASCA, Vigna San Francesco, Cabernet Sauvignon, Sicilia",2016,95.7,great,9.7,9.7,9.7,9.7,9.6,9.6,9.5,9.5,9.5,9.2
"DOMENIILE DAVIDESCU, Feteasca Neagra & Malbec",2017,88.5,fair,9.4,9.4,8.8,8.8,8.8,8.6,8.8,8.7,8.8,8.4
"CASTEL MIMÍ, The Governor’s Blend",2018,92.7,fine,9.6,9.5,9.6,9.0,9.1,9.0,9.1,9.1,9.5,9.0
"GOGU WINERY, Metafora Alta",2018,92.0,fine,9.5,9.5,9.6,9.0,8.8,8.9,9.4,9.0,9.4,8.9
"CARLEVANA, Raritet, Rubinus",2018,89.2,nice,9.2,9.4,9.5,8.9,8.8,8.6,8.7,8.7,8.9,8.5
"MEZALIMPE, King Cab",2018,92.9,fine,9.6,9.5,9.7,9.0,9.1,9.0,9.3,9.1,9.4,9.0
"LOIMER, Langenlois, Blanc de Blancs, Brut Nature, Grosse Reserve",2013,93.7,great,9.6,9.5,9.6,9.4,9.5,9.4,9.0,9.3,9.0,9.4
"LARGA VALLEY, Chardonnay – Feteasca Alba – Alb de Onitcani",2019,89.7,nice,9.5,9.5,9.6,8.8,8.7,8.7,8.7,8.7,8.7,8.8
"DOMENIILE DAVIDESCU, Viorica & Pinot Grigio",2019,90.0,nice,9.5,9.5,9.5,8.8,8.8,8.7,8.7,8.7,9.0,8.8
"PURCARI, Chardonnay de Purcari",2019,91.4,fine,9.6,9.6,9.7,8.9,9.0,8.8,8.8,8.9,9.3,8.8
"TE WĀ WINES, Riesling",2019,93.0,great,9.6,9.7,9.7,9.1,9.0,9.1,9.1,9.1,9.3,9.1
"ALPHA ESTATE, Sauvignon Blanc",2019,92.5,fine,9.7,9.4,9.5,9.1,9.0,9.0,9.0,9.1,9.3,9.0
"PURCARI, Rosé de Purcari",2019,91.5,fine,9.7,9.6,9.7,9.1,9.0,8.8,8.8,8.9,9.1,8.8
"MEZALIMPE, Rose",2019,91.5,fine,9.7,9.5,9.5,9.0,9.0,8.9,8.9,9.0,8.9,9.1
"VINOS VALTUILLE, Pago de Valdoneje, Mencía",2019,93.1,great,9.4,9.6,9.7,9.1,9.1,9.0,9.3,9.0,9.3,9.0
"NIEPOORT, DrinkMe, NatCool, Bairrada",2019,89.9,nice,9.4,9.5,9.5,8.8,8.9,8.8,8.7,8.8,8.8,8.7
"TE WĀ WINES, Malbec",2019,91.3,fine,9.4,9.6,9.6,8.9,9.0,8.9,8.9,8.9,9.1,9.0
"LOOSEN UP, Dornfelder, Pfalz",2018,90.9,nice,9.4,9.6,9.7,8.8,8.9,8.9,8.8,8.9,8.9,9.0
"ET CETERA, Cabernet Franc",2018,91.1,fine,9.4,9.6,9.6,8.9,9.0,8.9,8.9,8.9,9.0,8.9
"VINARIA DIN VALE, Onest, Cabernet Sauvignon",2018,89.7,nice,9.1,9.2,9.2,8.9,8.9,8.8,8.9,8.9,9.0,8.8
"MINIS TERRIOS, Rosu Imparat",2018,91.3,fine,9.3,9.5,9.6,8.9,8.9,8.9,9.1,9.0,9.2,8.9
"GOGU WINERY, Metafora",2018,92.0,fine,9.4,9.5,9.5,9.1,8.9,8.9,9.3,9.1,9.3,9.0
"EQUINOX, Trei Crai",2018,91.8,fine,9.5,9.5,9.5,9.1,8.8,8.9,9.4,9.0,9.0,8.9
"TARABOSTE, Tribut, Saperavi",2017,91.9,fine,9.5,9.5,9.6,9.1,8.9,9.1,9.1,9.0,9.0,8.9
"VINARIA NOBILA, Cabernet Sauvignon",2017,92.5,fine,9.6,9.6,9.4,9.0,9.0,9.0,9.4,9.1,9.4,8.8
"NEDERBURG, The Manor House, Cabernet Sauvignon",2016,91.3,fine,9.4,9.5,9.3,9.0,9.0,8.9,9.1,9.0,9.3,8.8
"CRICOVA, Grand Vintage, Brut",2012,91.9,fine,9.6,9.6,9.7,9.1,9.0,9.1,8.9,9.0,8.9,9.0
"MINIS TERRIOS, Icewine",2018,91.5,fine,9.4,9.0,9.0,9.2,9.3,9.2,8.8,9.1,9.2,9.1
"VALDECUEVAS, Verdejo",2019,92.7,fine,9.6,9.4,9.6,9.1,9.0,9.0,9.0,9.0,9.0,9.0
"GOGU WINERY, Blanc de Merlot",2019,90.3,nice,9.4,9.4,9.5,8.8,8.9,8.9,8.8,8.9,8.9,8.8
"PURCARI, Traminer de Purcari",2018,90.7,nice,9.6,9.6,9.7,8.9,8.9,8.7,8.7,8.8,9.1,8.7
"UNICORN ESTATE, Equilibrium, Vinul Miresei",2018,89.4,nice,9.2,9.4,9.5,8.8,8.8,8.7,8.7,8.7,8.9,8.7
"RADACINI, Fiori, Viorica",2018,90.8,nice,9.4,9.5,9.4,8.9,9.0,8.9,8.9,8.9,9.0,8.9
"VINARIA DIN VALE, Motive, Rosé",2019,90.2,nice,9.5,9.5,9.4,8.9,8.9,8.7,8.8,8.8,9.0,8.7
"VINOS VALTUILLE, El Valao, Pago de Valdoneje, Mencía",2018,93.4,great,9.6,9.6,9.6,9.3,9.3,9.1,9.4,9.1,9.5,8.9
"PURCARI, Malbec de Purcari",2018,91.4,fine,9.7,9.6,9.7,8.9,8.8,8.9,8.9,8.9,9.2,8.8
"VINARIA DIN VALE, Onest, Merlot",2018,89.8,nice,9.1,9.2,9.2,8.9,8.9,8.8,8.9,8.9,9.0,8.9
"LARGA VALLEY, Larga, Pinot Noir",2018,90.3,nice,9.3,9.4,9.5,8.9,8.8,8.8,8.9,8.9,9.0,8.8
"ZORAH, Karasì",2018,92.0,fine,9.4,9.5,9.6,8.9,9.0,9.0,9.0,9.1,9.0,9.1
"TARAPACÁ, Gran Reserva, Carmenère",2017,92.5,fine,9.6,9.7,9.8,9.0,9.1,9.1,9.0,9.1,9.1,9.0
"ORNELLAIA, Le Serre Nuove dell’Ornellaia, Bolgheri",2017,92.8,fine,9.6,9.6,9.7,9.1,9.1,9.1,9.3,9.1,9.3,8.9
"TENUTA SAN GUIDO, Guidalberto, Toscana, Bolgheri",2016,92.7,fine,9.5,9.5,9.7,9.0,9.1,9.1,9.3,9.1,9.3,9.1
"ANTICA, Napa Valley, Mountain Select, Cabernet Sauvignon",2016,93.5,great,9.6,9.7,9.8,9.0,9.1,9.0,9.0,9.0,9.4,9.1
"TARABOSTE, Tribut, Cabernet Sauvignon",2016,93.7,great,9.8,9.3,9.7,9.3,9.3,9.3,9.2,9.2,9.1,9.1
"VINARIA NOBILA, Merlot",2017,93.3,great,9.5,9.6,9.7,9.0,9.1,9.1,9.4,9.0,9.5,9.0
"ET CETERA, Merlot",2016,92.0,fine,9.6,9.5,9.6,9.0,9.0,9.0,9.1,9.0,9.0,9.0
"POIANA WINERY, Feteasca Alba, Brut",2016,91.1,fine,9.5,9.6,9.7,8.8,8.9,9.0,8.9,8.9,8.9,8.9
"KARA GANI, Altin",2011,89.3,nice,9.4,9.3,9.2,8.9,9.0,8.5,8.7,8.7,8.9,8.7
"MAESTRO, Chardonnay, Barrique Fermented",2019,90.7,nice,9.2,9.4,9.6,8.8,8.9,8.9,9.0,8.9,9.1,8.9
"VINARIA DIN VALE, Motive, Feteasca Alba",2019,91.2,fine,9.6,9.7,9.8,8.9,9.0,8.8,8.7,8.8,9.1,8.8
"ALPHA ESTATE, Malagouzia, Single Vineyard",2019,92.3,fine,9.6,9.6,9.6,9.0,9.0,9.1,9.0,9.1,9.1,9.0
"NOVAK, Alb de Onitcani, 500 Litres Barrels",2018,90.9,nice,9.5,9.5,9.5,8.9,9.0,8.9,8.8,8.9,9.0,8.9
"CHÂTEAU VARTELY, Feteasca Regala",2018,90.5,nice,9.6,9.5,9.6,8.8,9.0,8.8,8.7,8.8,8.9,8.8
"CARAGIA WINERY, The Rosé",2019,91.3,fine,9.6,9.6,9.7,9.0,8.9,8.9,8.8,8.9,9.0,8.9
"LARGA VALLEY, Merlot – Feteasca Neagra",2018,89.5,nice,9.4,9.4,9.2,8.8,8.8,8.7,8.8,8.7,9.0,8.7
"TIMBRUS, Saperavi, Oak Aged",2018,89.4,nice,9.1,9.4,9.5,8.8,8.7,8.7,8.8,8.7,9.0,8.7
"CARLEVANA, Raritet, Rara Neagra",2018,90.2,nice,9.4,9.5,9.5,8.9,8.9,8.7,8.7,8.8,9.0,8.8
"ET CETERA, Pinot Noir",2018,91.4,fine,9.5,9.5,9.5,8.9,9.1,9.0,8.9,9.0,9.0,9.0
"GOGU WINERY, Metafora",2017,91.7,fine,9.6,9.6,9.5,8.9,8.9,9.0,9.0,9.0,9.0,8.8
"TIMBRUS, De Autor, Blend #3",2017,91.3,fine,9.2,9.5,9.7,9.0,8.9,9.0,8.9,8.9,9.3,8.9
NOVAK2 Red Blend,2017,91.2,fine,9.5,9.5,9.6,8.9,8.8,8.9,9.0,8.9,9.2,8.9
"EQUINOX, 5 Elemente",2017,92.2,fine,9.5,9.6,9.5,9.0,9.1,9.0,9.0,9.1,9.0,9.0
"MINIS TERRIOS, Rosu Imparat",2017,91.7,fine,9.5,9.5,9.6,9.0,9.0,9.0,9.0,9.0,9.2,8.9
"EQUINOX, Echinoctius",2017,93.2,great,9.7,9.7,9.7,9.1,9.1,9.0,9.0,9.0,9.3,9.0
"ATÚ WINERY, Calibru .12-21",2017,91.8,fine,9.4,9.5,9.6,9.0,9.1,8.8,9.1,9.0,9.4,8.9
"EQUINOX, Sintagma",2017,93.5,great,9.6,9.7,9.7,9.0,9.0,9.1,9.4,9.0,9.4,9.0
"CRICOVA, Reserve, Alb de Onitcani, Brut Alb",2017,90.4,nice,9.5,9.5,9.5,8.8,8.9,8.8,8.9,8.8,8.9,8.8
"CHÂTEAU VARTELY, Chardonnay, Dulce Alb",2013,93.7,great,9.6,9.5,9.6,8.9,9.0,9.0,8.7,8.8,8.7,8.8
"PURCARI, Chardonnay de Purcari",2018,91.8,fine,9.5,9.6,9.7,8.9,9.0,8.9,9.0,9.0,9.3,8.9
"LARGA VALLEY, Larga, Chardonnay",2018,91.0,fine,9.5,9.6,9.7,8.9,8.9,8.8,8.8,8.9,9.0,8.9
"CHÂTEAU BOLONGBAO, Le Blanc",2015,91.2,fine,9.5,9.6,9.6,8.9,8.9,9.0,8.9,8.9,8.9,9.0
"I’M WINERY, Primul Vis",2019,89.1,nice,9.5,9.4,9.3,8.6,8.8,8.8,8.6,8.7,8.8,8.6
"GITANA WINERY, Surori",2019,91.3,fine,9.7,9.5,9.7,8.9,8.9,8.9,8.9,8.9,9.0,8.9
"CHATEAU CRISTI, Bravoure, Cabernet – Shiraz – Feteasca Neagra",2019,91.4,fine,9.4,9.5,9.6,8.9,9.0,8.9,9.0,8.9,9.3,8.9
"VINARIA DIN VALE, Motive, Feteasca Neagra",2018,90.4,nice,9.2,9.5,9.6,8.9,8.8,8.8,8.8,8.8,9.2,8.8
"ETNOVIN, Viata Lunga",2018,90.4,nice,9.5,9.3,9.1,8.8,8.9,8.9,9.1,8.9,9.1,8.8
"VINARIA NOBILA, Sinodrea",2017,92.0,fine,9.5,9.5,9.5,9.1,9.1,9.1,9.0,9.1,9.1,8.8
"VINARTE, Soare, Cabernet Sauvignon",2017,94.5,great,9.6,9.7,9.7,9.3,9.3,9.4,9.5,9.4,9.5,9.1
"EQUINOX, Cabernet Sauvignon",2009,89.9,nice,9.3,9.4,9.5,8.7,8.9,8.8,8.9,8.8,8.8,8.8
"CARAGIA WINERY, Merlot",2016,93.0,great,9.6,9.7,9.7,9.0,9.3,9.1,9.0,9.0,9.0,8.8
"ET CETERA, Serenity",2016,92.0,fine,9.7,9.7,9.7,8.9,8.9,9.0,9.1,8.9,9.0,8.9
"LYRARAKIS, Red, Kotsifali – Syrah",2016,93.0,great,9.6,9.6,9.6,9.0,9.1,9.1,9.0,9.0,9.0,9.0
"PROYECTO GARNACHAS, La Garnatxa Fosca del Priorat",2015,93.5,great,9.5,9.6,9.7,9.0,9.3,9.3,9.0,9.0,9.3,9.0
"ESTERHÁZY, Leithaberg DAC, Blaufränkisch",2015,92.0,fine,9.5,9.5,9.6,9.1,9.0,9.0,9.1,9.1,9.1,9.0
"CLOS DE GAT, Har’el, Syrah, Judean Hills",2014,92.7,fine,9.6,9.6,9.7,9.0,9.0,9.1,9.0,9.1,9.0,9.0
"RECAS, Cuvee Überland",2009,91.4,fine,9.4,9.5,9.6,9.0,8.9,8.9,9.1,9.0,9.1,8.9
"CRICOVA, Reserve, Cabernet-Sauvignon, Brut Alb",2009,89.5,nice,9.5,9.3,9.4,8.7,8.7,8.8,8.8,8.8,8.8,8.7
"FÁUTOR, Blanca Cuvée",2019,91.9,fine,9.6,9.6,9.7,8.9,9.1,9.0,8.9,9.0,9.0,8.9
"CARLEVANA, Raritet, Alb de Mereni",2019,90.0,nice,9.4,9.4,9.3,8.9,8.9,8.8,8.7,8.8,9.0,8.8
"GOGU WINERY, Sauvignon Blanc",2019,90.4,nice,9.5,9.5,9.6,8.8,8.9,8.8,8.8,8.8,8.9,8.8
"CHÂTEAU VARTELY, Individo, Blanc de Noir, Rara Neagra",2019,89.9,nice,9.5,9.3,9.1,8.9,8.9,8.9,8.8,8.9,8.8,8.8
"CASTEL MIMÍ, Rara Neagra, Rose",2019,90.2,nice,9.5,9.5,9.5,8.8,8.9,8.7,8.8,8.8,9.0,8.7
"PURCARI, Negru de Purcari, Vintage",2015,90.7,nice,9.6,9.6,9.5,8.9,8.8,8.8,8.9,8.8,9.1,8.7
"DAC, Rosu Domnesc",2015,91.7,fine,9.6,9.6,9.6,9.0,8.9,8.9,9.1,8.9,9.2,8.9
"CHATEAU CRISTI, Bravoure, Cabernet – Merlot",2015,90.4,nice,9.3,9.4,9.5,8.8,8.9,8.8,8.8,8.8,9.2,8.9
"ETNOVIN, Pe Cal Alb",2018,90.6,nice,9.4,9.3,9.4,8.8,8.9,8.9,9.0,8.9,9.1,8.9
"EQUINOX, Shiraz",2017,93.0,great,9.5,9.6,9.7,9.1,9.0,9.1,9.4,9.0,9.4,9.0
"VINARIA DIN VALE, Motive, Cabernet Sauvignon",2017,90.2,nice,9.1,9.5,9.5,8.8,8.9,8.8,8.8,8.8,9.2,8.8
"CRICOVA, Prestige, Cabernet-Sauvignon",2017,90.4,nice,9.2,9.5,9.5,8.8,8.9,8.8,8.9,8.9,9.0,8.9
"FÁUTOR, Tempranillo",2017,91.7,fine,9.6,9.6,9.6,8.9,8.9,8.9,9.2,8.9,9.3,8.8
"VINARIA NOBILA, Cabernet Franc",2017,92.1,fine,9.6,9.7,9.7,9.1,9.0,9.0,9.1,8.9,9.0,8.8
"DAC, Feteasca Neagra",2016,91.6,fine,9.4,9.5,9.6,9.0,9.0,8.9,9.1,9.0,9.2,8.9
"EQUINOX, Trei Crai",2017,92.4,fine,9.6,9.6,9.7,9.1,8.9,9.1,9.1,9.0,9.3,9.0
"NOVAK, Merlot – Cabernet Sauvignon",2017,91.0,fine,9.4,9.4,9.6,8.9,8.9,8.9,9.0,8.9,9.1,8.9
"DOMENIILE PRINCE MATEI, Merlot – Rezerva",2012,92.5,fine,9.6,9.5,9.6,9.1,9.0,9.1,9.3,9.1,9.0,9.0
"TSANTALI, Rapsani, Grande Reserve",2012,93.3,great,9.3,9.5,9.7,9.3,9.3,9.3,9.3,9.3,9.3,9.0
"CRICOVA, Reserve, Feteasca Neagra, Brut Roz",2012,88.5,fair,9.0,9.4,8.8,8.7,8.9,8.7,8.7,8.7,8.9,8.7
"MINIS TERRIOS, Harap Alb",2018,89.2,nice,9.3,9.4,9.3,8.8,8.8,8.7,8.6,8.7,8.9,8.7
"NOVAK, Chardonnay Riesling & Alb de Onitcani",2018,91.1,fine,9.6,9.7,9.8,8.9,9.0,8.8,8.8,8.9,8.9,8.7
"DURBACHER, Plauelrain, Klingelberger (Riesling)",2018,90.9,nice,9.5,9.6,9.6,8.8,8.9,8.9,8.9,8.9,9.0,8.8
"PURCARI, Alb de Purcari",2017,92.4,fine,9.7,9.6,9.7,9.1,9.1,9.0,9.0,9.0,9.0,9.0
"FÁUTOR, Vivienne Cuvée",2019,91.7,fine,9.7,9.6,9.6,8.9,9.0,9.0,8.9,9.0,9.1,8.9
"DAC, Dac Rezerv",2015,91.4,fine,9.5,9.5,9.6,8.9,9.0,8.9,9.0,8.9,9.2,8.9
"PURCARI, Rosu de Purcari",2016,92.0,fine,9.6,9.7,9.7,9.0,8.9,8.9,9.1,9.0,9.0,8.9
"CASTEL MIMÍ, Saperavi",2017,90.2,nice,9.4,9.6,9.6,8.9,8.8,8.8,8.7,8.7,8.9,8.8
"CHÂTEAU VARTELY, Individo, Saperavi",2017,91.3,fine,9.5,9.4,9.5,8.9,9.0,9.0,9.0,9.0,9.1,8.9
"ATÚ WINERY, Saperavi – Codrinschii",2018,90.7,nice,9.1,9.5,9.5,8.9,8.9,8.9,9.0,8.9,9.1,8.9
"VINARIA DIN VALE, Motive, Merlot",2017,90.1,nice,9.0,9.5,9.5,8.8,8.9,8.8,8.8,8.8,9.2,8.8
"MAESTRO, Cabernet Sauvignon, Barrique Reserve",2017,91.3,fine,9.5,9.5,9.6,8.9,8.9,8.9,9.1,8.9,9.1,8.9
"NOVAK, Cabernet Sauvignon",2017,91.4,fine,9.5,9.5,9.4,8.9,8.9,8.9,9.2,8.9,9.3,8.9
"VIILE METAMORFOSIS, Feteasca Neagra",2017,90.7,nice,9.2,9.5,9.5,8.9,8.9,8.9,9.1,8.9,9.0,8.8
"DAC, Rara Neagra",2016,90.5,nice,9.4,9.5,9.6,8.9,8.8,8.8,8.8,8.8,9.0,8.7
"PURCARI, Rara Neagra de Purcari",2018,90.3,nice,9.5,9.6,9.6,8.8,8.9,8.7,8.8,8.8,8.9,8.7
"NINETY + CELLARS, Pinot Noir, Lot 75, Russian River Valley",2018,91.9,fine,9.7,9.7,9.5,9.0,9.0,8.8,8.9,8.9,9.6,8.8
"HAMILTON RUSSELL VINEYARDS, Pinot Noir",2018,94.7,great,9.7,9.7,9.6,9.0,9.5,9.0,9.4,9.2,9.3,9.1
"TWO PADDOCKS, Pinot Noir",2018,95.0,great,9.7,9.6,9.6,9.5,9.5,9.5,9.5,9.5,9.4,9.2
"CRICOVA, Crisecco, Gold Edition, Alb Brut",2018,90.5,nice,9.5,9.5,9.5,8.8,8.9,8.8,8.9,8.9,8.9,8.8
"GOGU WINERY, Metafora",2018,90.9,nice,9.5,9.6,9.7,8.9,8.9,8.8,8.8,8.9,8.9,8.9
"NOVAK, Sauvignon Blanc",2018,89.9,nice,9.2,9.5,9.7,8.9,8.8,8.8,8.7,8.8,8.8,8.7
"CRICOVA, Cabernet Sauvignon",2018,91.1,fine,9.5,9.6,9.7,9.0,8.9,8.9,8.8,8.9,9.0,8.8
"GITANA WINERY, Manastirea Rohrbach Cru",2016,92.7,fine,9.5,9.6,9.7,9.1,9.0,9.1,9.0,9.1,9.3,9.1
"PETER LEHMANN, Portrait, Barossa, Shiraz",2017,92.0,fine,9.6,9.6,9.7,9.0,8.9,8.9,9.1,9.0,9.0,9.0
"DOMENIUL BOGDAN, Syrah",2017,90.4,nice,9.5,9.5,9.5,8.9,8.9,8.8,8.8,8.8,8.9,8.8
"DAC, Furo, Saperavi",2017,90.6,nice,9.6,9.5,9.5,8.8,8.9,8.8,9.0,8.8,8.9,8.8
"ATÚ WINERY, Merlot – Cabernet Sauvignon – Pinot Noir",2017,91.3,fine,9.4,9.4,9.5,9.0,8.9,9.0,9.0,9.0,9.2,8.9
"CASTEL MIMÍ, Feteasca Neagra – Rara Neagra",2017,84.0,fair,8.7,9.4,9.3,8.5,8.6,7.0,7.0,7.5,8.9,7.0
"JELNA, Pinot Noir, Wild Yeast",2017,91.0,fine,9.5,9.5,9.6,8.9,9.0,8.9,8.8,8.9,9.0,8.9
"UNICORN ESTATE, Equilibrium, Pinot Noir",2017,88.5,fair,9.5,9.5,9.5,8.7,8.8,8.8,8.7,8.7,8.8,7.5
"CRESCENDO, Pinot Noir",2017,90.2,nice,9.2,9.4,9.5,8.9,8.8,8.8,9.0,8.9,8.9,8.8
"MAESTRO, Merlot, Barrique Reserve",2017,91.1,fine,9.4,9.5,9.6,8.9,8.9,8.9,9.0,8.9,9.1,8.9
"NOVAK, Merlot",2017,91.0,fine,9.4,9.5,9.4,8.8,8.9,8.9,9.1,8.9,9.2,8.9
"CHÂTEAU VARTELY, Individo, Feteasca Neagra",2017,90.2,nice,9.5,9.5,9.5,8.9,8.7,8.8,8.8,8.8,9.0,8.7
"PRIPA, Feteasca Neagra",2017,88.7,fair,9.0,9.4,9.4,8.8,8.7,8.7,8.6,8.7,8.9,8.5
"FÁUTOR, Negre",2017,91.6,fine,9.5,9.6,9.7,9.0,8.9,8.9,9.0,8.9,9.2,8.9
"BALLA GÉZA, Wine Princess, Cabernet Franc",2016,92.0,fine,9.6,9.5,9.6,9.0,9.0,9.0,9.1,9.0,9.0,9.0
"EQUINOX, Merlot",2013,90.8,nice,9.4,9.5,9.6,8.9,8.9,8.8,9.0,8.9,9.0,8.8
"VILLA FOLINI, Prosecco, Brut Millesimato",2017,90.0,nice,9.7,9.6,9.5,8.7,8.8,8.7,8.7,8.7,8.8,8.8
"ETNOVIN, Mierea Ursului, Ice Wine",2017,90.0,nice,9.5,9.4,9.4,8.8,8.9,8.9,8.7,8.8,8.8,8.8
"CHATEAU CRISTI, Chardonnay, Barrel Fermented",2018,90.8,nice,9.5,9.5,9.6,8.9,8.8,8.9,8.9,8.9,9.0,8.8
"CASTEL MIMÍ, Chardonnay by Omega",2018,90.4,nice,9.5,9.4,9.5,8.9,8.8,8.9,8.8,8.9,8.9,8.8
"ET CETERA, Aeroplane, Petrichor",2018,90.7,nice,9.5,9.4,9.5,8.9,8.8,9.0,8.9,8.9,8.9,8.9
"GITANA WINERY, Saperavi",2017,92.5,fine,9.6,9.7,9.7,8.9,9.0,9.1,9.0,9.1,9.0,9.0
"EQUINOX, Merlot",2017,92.5,fine,9.5,9.6,9.6,9.1,9.1,9.1,9.0,9.1,9.0,9.0
"CRESCENDO, Feteasca Neagra",2017,89.3,nice,9.3,9.4,9.5,8.8,8.7,8.7,8.7,8.7,8.9,8.6
"POIANA WINERY, Feteasca Neagra",2017,90.5,nice,9.3,9.3,9.3,8.8,8.9,8.9,9.0,8.9,9.2,8.9
"CHÂTEAU VARTELY, Individo, Rara Neagra",2017,88.5,fair,9.1,9.2,9.2,8.8,8.6,8.7,8.7,8.7,8.9,8.6
"PRIPA, Rara Neagra",2017,88.7,fair,9.0,9.4,9.4,8.8,8.7,8.8,8.6,8.7,8.8,8.5
"ET CETERA, Aeroplane, Carmenere",2017,90.5,nice,9.3,9.4,9.5,8.9,8.9,9.0,8.8,8.9,9.0,8.8
"CHATEAU CRISTI, Pinot Noir",2017,90.5,nice,9.5,9.6,9.6,8.8,8.7,8.9,8.8,8.8,9.0,8.8
"NOVAK, Pinot Noir",2017,91.2,fine,9.6,9.7,9.7,9.0,8.7,8.9,8.9,8.9,9.0,8.8
"GRASSL, Reserve, Syrah",2016,92.2,fine,9.6,9.6,9.4,9.0,9.0,9.0,9.0,9.1,9.3,9.0
"BOSCHENDAL, Shiraz",2016,92.4,fine,9.7,9.6,9.7,9.0,8.9,9.0,9.0,9.0,9.3,9.0
"CARPE DIEM, Bad Boys",2016,91.1,fine,9.5,9.5,9.6,8.9,8.8,8.9,9.0,8.8,9.4,8.7
"HARAS DE PIRQUE, Hussonet, Gran Reserva, Cabernet Sauvignon",2016,92.8,fine,9.7,9.6,9.7,9.1,9.0,9.0,9.0,9.1,9.3,8.9
"MARCHESI ANTINORI, Tignanello",2016,95.0,great,9.8,9.7,9.6,9.5,9.5,9.4,9.4,9.2,9.4,9.3
"EQUINOX, Echinoctius",2015,93.3,great,9.7,9.7,9.7,9.4,9.3,9.0,9.5,9.4,9.4,9.0
"CORTEN, d’Oro, Brut Alb",2017,90.3,nice,9.6,9.6,9.6,8.8,8.8,8.8,8.7,8.8,8.8,8.8
"GITANA WINERY, La Petite Sophie",2017,92.2,fine,9.5,9.6,9.7,8.9,9.0,9.0,9.0,9.0,9.0,9.1
"TARABOSTE, Pur Aristocratic",2017,90.3,nice,9.6,9.0,9.0,8.9,8.8,9.0,8.8,8.9,9.3,8.8
"GOGU WINERY, Feteasca Alba",2018,90.5,nice,9.5,9.5,9.5,8.8,8.9,8.9,8.8,8.9,8.9,8.8
"MARCHESI ANTINORI, Villa Antinori, Toscana",2016,92.6,fine,9.5,9.6,9.7,9.0,9.0,9.1,9.0,9.1,9.3,9.1
"A.GERE, Kopar, Villányi Cuvée",2016,94.4,great,9.0,9.7,9.6,9.4,9.4,9.4,9.4,9.2,9.3,9.1
"EQUINOX, 5 Elemente",2016,92.2,fine,9.5,9.6,9.6,8.9,9.0,9.1,9.0,9.1,9.0,9.0
"TARABOSTE, Pur Aristocratic, Rezerva",2016,92.0,fine,9.5,9.6,9.7,9.0,9.0,8.9,9.1,9.0,9.3,8.9
"CHATEAU CRISTI, Cuvée Rouge Royal",2016,91.0,fine,9.3,9.4,9.5,8.9,9.0,9.0,8.9,8.9,9.2,8.9
"MINIS TERRIOS, Negru Imparat",2016,91.4,fine,9.5,9.6,9.6,8.9,8.9,8.9,8.9,8.9,9.3,8.9
"GITANA WINERY, Lupi",2016,92.3,fine,9.6,9.6,9.7,8.9,9.0,9.0,9.0,9.0,9.0,9.1
"CARPE DIEM, Cuvée 19/11",2016,91.9,fine,9.4,9.5,9.6,9.0,9.0,8.9,9.0,9.0,9.3,9.0
"DAC, Legendar",2016,90.8,nice,9.5,9.5,9.6,8.9,8.8,8.9,8.9,8.9,9.1,8.7
"FÁUTOR, Negre",2016,91.7,fine,9.7,9.7,9.7,9.1,9.0,9.0,9.1,9.0,9.0,9.0
"MCGUIGAN, Black Label, Shiraz",2017,90.1,nice,9.4,9.5,9.5,8.8,8.9,8.9,8.7,8.8,8.8,8.8
"SERESIN, Syrah, Marlborough",2016,91.1,fine,9.5,9.6,9.7,8.9,9.0,8.9,8.8,8.9,8.9,8.9
"ASCONI, Sol Negru, Malbec",2016,90.6,nice,9.5,9.5,9.6,8.9,8.7,8.8,8.9,8.8,9.2,8.7
"TERRAZAS, Terrazas de los Andes, Malbec",2016,90.8,nice,9.5,9.5,9.6,8.9,8.9,8.9,8.8,8.9,9.0,8.8
"ERRAZURIZ, Estate Series, Cabernet Sauvignon",2016,89.5,nice,9.5,9.5,9.4,8.8,8.7,8.8,8.7,8.7,8.9,8.5
"VALAHORUM, Paolo Mennini, Negru de Dragasani",2016,90.7,nice,9.6,9.6,9.6,8.8,8.7,8.7,8.8,8.8,9.4,8.7
"G.H.MUMM, Champagne, Cordon Rouge, Brut",2016,91.8,fine,9.4,9.5,9.6,9.0,9.4,9.6,8.7,9.0,8.8,8.8
"NOVAK, Alb de Onitcani, Barique",2017,91.0,fine,9.5,9.7,9.7,8.9,8.8,8.9,8.8,8.9,8.9,8.9
"CHATEAU CRISTI, Chardonnay, Barrel Fermented",2017,90.0,nice,9.5,9.5,9.6,8.7,8.8,8.8,8.7,8.8,8.9,8.7
"TIMBRUS, Oenologist Reserve, Chardonnay, Barrel Fermented",2018,91.1,fine,9.6,9.5,9.6,9.0,8.9,8.9,8.8,8.9,8.9,9.0
"FÁUTOR, Aurore, Pinot Grigio",2018,90.9,nice,9.7,9.6,9.5,8.9,8.9,8.9,8.8,8.9,8.8,8.9
"GOGU WINERY, Blanc de Merlot",2017,89.0,nice,9.3,9.3,8.8,8.9,8.7,8.9,8.7,8.8,8.9,8.7
"CRAMA HERMEZIU, C’est Soir, Busuioaca de Bohotin",2018,90.8,nice,9.5,9.6,9.7,8.8,8.9,9.0,8.7,8.9,8.9,8.8
"UNICORN ESTATE, Equilibrium, Cabernet Sauvignon – Merlot – Rara Neagra",2016,90.7,nice,9.4,9.4,9.5,8.9,8.9,9.0,8.8,8.9,9.1,8.8
"HARDY’S, Brave New World, Shiraz, Black Edition",2016,90.6,nice,9.6,9.5,9.6,8.8,8.9,8.9,8.9,8.9,8.8,8.7
"VALAHORUM, Primul Vin, Anul 01, Shiraz",2016,90.3,nice,9.6,9.5,9.6,8.9,8.7,8.9,8.7,8.7,9.1,8.6
"CHATEAU CRISTI, Cabernet Sauvignon, Old Vine",2016,90.4,nice,9.4,9.3,9.1,8.9,8.8,8.9,9.0,8.9,9.3,8.8
"VINARIA NOBILA, Cabernet Sauvignon",2016,89.8,nice,9.6,9.5,9.5,8.8,8.7,8.7,8.7,8.7,9.1,8.5
"VINARIA DIN VALE, Apogeu, Limited Edition + 2017",2016,90.3,nice,9.5,9.5,9.5,8.8,8.8,8.9,8.8,8.8,9.0,8.7
"CARPE DIEM, Feteasca Neagra",2015,91.1,fine,9.5,9.5,9.6,8.9,8.9,8.9,8.9,8.9,9.1,8.9
"KTIMA GEROVASSILIOU, Syrah",2015,94.4,great,9.0,9.6,9.6,9.5,9.4,9.4,9.2,9.3,9.3,9.2
"SELENE, Syrah",2015,91.4,fine,9.4,9.5,9.6,9.0,8.9,8.9,9.0,8.9,9.3,8.9
"TRAPICHE, Oak Cask, Malbec",2016,92.7,fine,9.5,9.5,9.7,9.0,9.0,9.1,9.1,9.0,9.1,9.1
"CARLEVANA, Raritet, Malbec",2016,89.7,nice,9.5,9.5,9.3,8.8,8.8,8.7,8.7,8.7,9.2,8.5
"PRINCE STIRBEY, Novac",2016,89.5,nice,9.2,9.5,9.5,8.8,8.8,8.7,8.7,8.7,8.9,8.7
"TWO PADDOCKS, Pinot Noir",2016,95.5,great,9.8,9.7,9.7,9.6,9.5,9.5,9.5,9.5,9.5,9.2
"PURCARI, Grande Cuvée de Purcari, Extra Brut, Vintage 2016",2016,90.9,nice,9.6,9.6,9.6,9.0,8.7,8.9,8.8,8.8,9.2,8.7
"FÁUTOR, Ice Wine, Traminer – Muscat Ottonel",2016,93.7,great,9.6,9.7,9.8,9.5,9.0,9.5,9.0,9.4,9.0,9.0
"GITANA WINERY, Manastirea Rohrbach Cru",2017,90.9,nice,9.5,9.6,9.5,8.9,9.0,9.0,8.8,8.9,8.9,8.8
"KTIMA GEROVASSILIOU, Viognier",2017,95.0,great,9.7,9.7,9.8,9.3,9.3,9.4,9.4,9.4,9.5,9.5
"GAIA, Assyrtiko, Wild Ferment",2017,92.0,fine,9.6,9.7,9.7,9.0,8.9,9.0,8.9,9.0,9.3,8.9
"TIMBRUS, Rosé",2018,89.5,nice,9.5,9.6,9.6,8.7,8.6,8.8,8.6,8.7,8.8,8.6
"CASTEL MIMÍ, Rosé de Bulboaca",2018,90.8,nice,9.7,9.6,9.7,8.9,8.8,8.9,8.7,8.8,9.0,8.7
"UNICORN ESTATE, Equilibrium, Cabernet Sauvignon – Merlot",2016,90.8,nice,9.5,9.5,9.6,8.9,8.9,8.8,8.8,8.8,9.2,8.8
"CRICOVA, Shyraz",2016,89.2,nice,9.4,9.5,9.6,8.7,8.7,8.8,8.6,8.7,8.8,8.4
"ANIMA, Syrah",2016,91.6,fine,9.5,9.6,9.7,8.9,8.9,9.0,9.0,8.9,9.3,8.8
"PRIPA, Feteasca Neagra",2016,92.5,fine,9.6,9.6,9.7,9.3,8.9,8.9,9.3,9.0,9.3,8.9
"ET CETERA, Feteasca Neagra",2016,91.4,fine,9.6,9.6,9.7,8.8,9.0,8.9,8.8,8.9,9.3,8.8
"CHATEAU CRISTI, Merlot",2016,92.0,fine,9.5,9.6,9.7,9.0,8.9,9.0,8.9,9.0,9.4,9.0
"VINARIA NOBILA, Merlot",2016,89.4,nice,9.5,9.5,9.5,8.8,8.7,8.6,8.6,8.7,9.0,8.5
"EQUINOX, Malbec",2015,91.3,fine,9.5,9.6,9.7,9.0,9.0,8.9,8.9,8.9,9.0,8.8
"CASTEL MIMÍ, Malbec",2015,90.7,nice,9.4,9.6,9.7,8.8,8.9,8.9,8.8,8.9,8.9,8.8
"ALPHA ESTATE, Ecosystem, Tannat",2015,92.6,fine,9.7,9.6,9.7,9.0,9.0,9.0,9.0,9.0,9.4,9.0
"CASTEL MIMÍ, Cabernet Sauvignon, Barrique",2015,90.5,nice,9.6,9.5,9.6,8.9,8.7,8.9,8.9,8.8,9.0,8.6
"EQUINOX, Sintagma v.2",2015,92.2,fine,9.5,9.6,9.7,9.0,9.0,9.0,9.0,9.0,9.3,8.7
"CASTEL MIMÍ, Ice Wine, Riesling",2015,94.0,great,9.5,9.6,9.7,9.5,9.5,9.5,8.9,9.4,9.0,9.4
"ST. JULIEN D’AILLE, Palatium, Blanc de Blancs, Brut",2014,89.9,nice,9.6,9.6,9.6,8.9,8.7,8.8,8.6,8.7,8.8,8.6
"FÁUTOR, Fumé Blanc",2017,92.0,fine,9.6,9.5,9.6,9.1,9.0,9.1,8.9,9.0,9.3,8.9
"ANIMA, Sauvignon Blanc, Fumé",2017,90.7,nice,9.6,9.7,9.6,8.8,8.8,8.8,8.8,8.8,9.0,8.8
"MINIS TERRIOS, Sauvignon Blanc",2017,89.6,nice,9.3,9.5,9.5,8.8,8.7,8.8,8.7,8.7,8.9,8.7
"F’AUTOR, *310 Altitudine, Merlot – Feteasca Neagra",2018,89.7,nice,9.6,9.5,9.3,8.8,8.7,8.8,8.7,8.8,8.8,8.7
"RADACINI, Vintage, Pinot Grigio Rosé",2018,89.9,nice,9.6,9.5,9.5,8.8,8.7,8.9,8.6,8.7,8.9,8.7
"TIMBRUS, Saperavi, Oak Aged",2015,90.0,nice,9.5,9.5,9.5,8.8,8.8,8.8,8.7,8.8,8.9,8.7
"GITANA WINERY, Saperavi",2016,91.3,fine,9.5,9.6,9.7,8.9,8.9,8.9,9.0,8.9,9.0,8.9
"FÁUTOR, Aurore, Syrah – Cabernet Sauvignon",2016,92.4,fine,9.7,9.6,9.7,8.9,8.9,9.0,9.3,9.0,9.3,9.0
"VINARIA DIN VALE, Vintage, Feteasca Neagra",2016,89.5,nice,9.5,9.5,9.3,8.8,8.7,8.8,8.7,8.7,8.9,8.6
"TIMBRUS, Rara Neagra, Oak Aged",2016,90.0,nice,9.4,9.5,9.5,8.8,8.8,8.8,8.7,8.8,8.9,8.8
"PRIPA, Rara Neagra",2016,91.1,fine,9.5,9.6,9.7,8.9,8.9,8.9,8.9,8.9,9.0,8.8
"PURCARI, Maluri de Prut",2016,89.5,nice,9.5,9.5,9.4,8.8,8.7,8.7,8.7,8.7,8.9,8.6
"FÁUTOR, Negre",2016,92.5,fine,9.7,9.7,9.7,9.1,9.0,9.0,9.1,9.0,9.0,9.0
"ET CETERA, Merlot",2015,91.7,fine,9.6,9.7,9.7,9.0,8.9,8.9,8.9,8.9,9.0,8.9
"CASTEL MIMÍ, Merlot, Barrique",2015,89.8,nice,9.5,9.5,9.5,8.9,8.6,8.8,8.9,8.7,8.9,8.5
"MARCHESI ANTINORI, Villa Antinori, Chianti Classico, Riserva",2015,91.5,fine,9.5,9.6,9.7,8.9,8.9,8.8,9.1,8.9,9.3,8.8
"UNICORN ESTATE, Symbioz, Cabernet Sauvignon – Merlot – Rara Neagra",2015,91.0,fine,9.6,9.6,9.7,8.8,8.9,8.8,8.9,8.9,9.0,8.8
"EQUINOX, Echinoctius",2015,94.5,great,9.0,9.7,9.7,9.5,9.4,9.2,9.2,9.3,9.2,9.2
"CRICOVA, Feteasca Alba, Extra-Sec",2015,90.6,nice,9.6,9.5,9.6,8.8,8.9,8.8,8.8,8.8,8.9,8.9
"RADACINI, Icewine, Riesling",2017,90.4,nice,9.4,9.4,9.4,8.9,8.9,9.0,8.9,8.9,8.8,8.8
"FÁUTOR, *310 Altitudine, Chardonnay – Feteasca Regala",2018,90.7,nice,9.5,9.6,9.7,8.9,8.8,8.9,8.8,8.8,8.9,8.8
"JIDVEI, Owner’s Choice, Maria, Feteasca Alba",2017,90.0,nice,9.6,9.4,9.4,8.8,8.9,8.8,8.7,8.8,8.8,8.8
"PALOMAR CREEK, Sauvignon Blanc, Marlborough",2017,94.7,great,9.6,9.7,9.8,9.4,9.5,9.5,9.4,9.4,9.0,9.0
"CHÂTEAU VARTELY, Individo, Cabernet Sauvignon – Merlot",2018,90.6,nice,9.6,9.5,9.5,8.9,8.8,8.9,8.8,8.8,9.0,8.8
"GITANA WINERY, Surori",2018,91.1,fine,9.6,9.5,9.5,9.0,8.9,9.0,8.9,8.9,8.9,8.9
"FÁUTOR, Aurore, Feteasca Neagra – Tempranillo",2016,91.7,fine,9.6,9.5,9.6,8.9,8.9,8.9,9.2,9.0,9.2,8.9
"ASCONI, Sol Negru, Feteasca Neagra",2016,91.1,fine,9.5,9.5,9.6,8.9,8.9,8.9,9.0,8.9,9.1,8.8
"UNICORN ESTATE, Symbioz, Private Collection, Rara Neagra",2016,92.3,fine,9.6,9.7,9.8,9.0,8.9,9.0,9.1,9.0,9.0,9.0
"CARLEVANA, Raritet, Rara Neagra",2016,90.3,nice,9.4,9.5,9.5,8.9,8.8,8.8,8.8,8.8,9.1,8.7
"CRAMA ROTENBERG, Emeritus, Merlot",2015,90.4,nice,9.5,9.6,9.6,8.8,8.8,8.8,8.8,8.8,8.9,8.8
"CRICOVA, Vin Virgin",2015,90.9,nice,9.5,9.6,9.7,8.8,8.7,8.9,9.0,8.9,9.1,8.7
"ET CETERA, Aeroplane, Carmenere",2016,90.0,nice,9.4,9.5,9.5,8.8,8.8,8.8,8.7,8.8,8.9,8.8
"TARABOSTE, Pur Aristocratic, Pinot Noir",2016,91.7,fine,9.6,9.6,9.7,8.9,8.9,9.0,9.0,8.9,9.0,8.9
"UNICORN ESTATE, Symbioz, Private Collection, Pinot Noir",2016,91.2,fine,9.6,9.5,9.6,8.9,8.8,9.0,9.0,8.9,9.1,8.8
"CASTEL MIMÍ, Rosu de Bulboaca",2015,91.6,fine,9.5,9.6,9.7,9.0,9.0,8.9,8.9,8.9,9.0,8.9
"EQUINOX, Trei Crai",2015,91.1,fine,9.3,9.5,9.6,8.9,8.8,8.9,9.0,8.9,9.3,8.9
"ET CETERA, Cuvee Rouge",2015,90.7,nice,9.6,9.6,9.7,8.8,8.9,8.8,8.8,8.8,8.9,8.8
"1000 DE CHIPURI, Distinctis",1000,91.8,fine,9.7,9.6,9.7,8.9,8.8,8.9,9.0,8.9,9.3,8.8
"PURCARI, Cuvée de Purcari, Feteasca Alba, Brut",1000,90.6,nice,9.5,9.5,9.5,8.9,9.0,8.9,8.8,8.9,8.8,8.8
"FÁUTOR, Late Harvest, Sauvignon Blanc",2017,91.7,fine,9.5,9.6,9.7,9.0,8.9,9.1,8.9,9.0,8.9,8.9
"JIDVEI, Owner’s Choice, Ana, Sauvignon Blanc",2017,90.0,nice,9.7,9.5,9.5,8.8,8.7,8.8,8.7,8.8,8.8,8.7
"GITANA WINERY, La Petite Sophie",2016,91.1,fine,9.6,9.6,9.6,8.9,8.8,8.9,8.9,8.9,9.0,8.9
"FÁUTOR, Illustro",2016,90.4,nice,9.5,9.5,9.6,8.9,8.8,8.8,8.8,8.8,8.9,8.8
"RADACINI, Fiori, Feteasca Neagra & Syrah",2016,91.0,fine,9.5,9.5,9.6,9.0,8.8,8.8,9.0,8.9,9.2,8.7
"CHÂTEAU VARTELY, Individo, Feteasca Neagra",2016,90.0,nice,9.4,9.5,9.4,8.9,8.7,8.8,8.9,8.8,8.9,8.7
"F’AUTOR, *310 Altitudine, Merlot – Rara Neagra",2016,90.4,nice,9.5,9.5,9.5,8.9,8.8,8.9,8.8,8.8,8.9,8.8
"TIMBRUS, Feteasca Neagra, Oak Aged",2016,88.5,fair,9.3,9.4,8.7,8.7,8.7,8.8,8.7,8.7,8.9,8.6
"PELICAN NEGRU, Silk Red Blend",2015,91.4,fine,9.7,9.6,9.7,8.9,9.0,8.9,8.9,8.9,8.9,8.9
"FÁUTOR, Illustro",2015,92.6,fine,9.6,9.6,9.7,9.1,9.0,9.0,9.0,9.1,9.0,8.9
"ALPHA ESTATE, S.M.X.",2015,92.6,fine,9.5,9.6,9.7,9.0,9.0,9.3,9.0,9.1,9.3,8.9
"LACERTA, Cuvée IX",2015,91.6,fine,9.6,9.6,9.7,8.9,9.1,8.9,9.0,9.0,9.0,8.8
"EQUINOX, 5 Elemente",2015,92.6,fine,9.5,9.6,9.7,9.0,9.0,9.1,9.0,9.1,9.0,9.0
"GITANA WINERY, Lupi",2015,91.6,fine,9.6,9.7,9.8,8.8,8.9,8.9,9.0,8.9,9.0,9.0
"1000 DE CHIPURI, Shiraz",1000,91.5,fine,9.6,9.6,9.7,8.8,8.8,8.9,9.1,8.9,9.4,8.7
"MAISON BOUEY, Crida, Cahors-Malbec",2014,91.7,fine,9.7,9.6,9.7,8.9,8.9,8.8,9.0,8.9,9.0,8.8
"MINIS TERRIOS113, Cabernet Sauvignon",2014,90.7,nice,9.5,9.5,9.5,8.9,8.9,8.8,8.8,8.8,9.2,8.8
"UNICORN ESTATE, Symbioz, Cabernet Sauvignon – Merlot – Rara Neagra",2013,91.4,fine,9.4,9.5,9.6,8.9,8.9,8.8,9.2,9.0,9.3,8.8
"POIANA WINERY, Cabernet Sauvignon, Rezerva",2012,89.9,nice,9.4,9.5,9.5,8.8,8.7,8.8,8.8,8.8,8.9,8.7
"CRICOVA, Pinot Meunier, Extra-Sec",2012,89.9,nice,9.7,9.5,9.5,8.7,8.8,8.8,8.7,8.8,8.7,8.7
"CHÂTEAU VARTELY, Ice Wine, Riesling",2017,93.4,great,9.6,9.6,9.6,9.4,9.5,9.4,8.9,9.3,9.1,9.0
"RADACINI, Fiori, Feteasca Alba",2017,90.4,nice,9.5,9.5,9.5,8.8,8.9,8.9,8.8,8.8,8.9,8.8
"FÁUTOR, Aurore, Albariño – Sauvignon Blanc",2017,91.1,fine,9.4,9.6,9.6,8.9,8.9,9.0,8.9,8.9,9.0,8.9
"ALPHA ESTATE, Ecosystem, Sauvignon Blanc, Fumé",2016,91.5,fine,9.6,9.7,9.6,8.9,8.9,8.9,8.9,8.9,9.2,8.9
"PURCARI, Rosé de Purcari",2018,91.0,fine,9.7,9.6,9.7,8.9,8.8,8.9,8.8,8.8,9.0,8.8
"GOGU WINERY, Rosé, Cabernet-Sauvignon",2018,90.9,nice,9.6,9.6,9.6,8.9,8.8,8.9,8.8,8.9,8.9,8.9
"RADACINI, Fiori, Feteasca Neagra",2016,90.0,nice,9.4,9.5,9.6,8.9,8.7,8.7,8.8,8.8,8.9,8.7
"GITANA WINERY, Saperavi",2015,91.3,fine,9.5,9.6,9.7,9.0,8.9,8.9,9.0,8.9,8.9,8.9
"F’AUTOR, *310 Altitudine, Cabernet Sauvignon – Feteasca Neagra",2016,90.6,nice,9.5,9.5,9.6,8.9,8.8,8.9,8.8,8.8,9.0,8.8
"TIMBRUS, Polifonia, Note #2",2016,89.3,nice,9.5,9.4,9.2,8.7,8.8,8.7,8.7,8.7,8.9,8.7
"VINARIA DIN VALE, Vintage, Codru",2016,90.1,nice,9.5,9.4,9.4,8.9,8.8,8.8,8.8,8.8,9.0,8.7
"CHÂTEAU VARTELY, Individo, Merlot – Cabernet Sauvignon",2015,90.3,nice,9.5,9.5,9.7,8.9,8.8,8.8,8.7,8.8,8.9,8.7
"BOSTAVAN, Dor, Rara Neagra – Cabernet Sauvignon",2016,90.4,nice,9.4,9.5,9.6,8.9,8.8,8.8,8.9,8.9,8.8,8.8
"FÁUTOR, Aurore, Rara Neagra",2016,91.4,fine,9.6,9.6,9.7,9.0,8.9,9.0,8.8,8.9,9.0,8.9
"PELICAN NEGRU, Soft Red Blend",2015,90.7,nice,9.5,9.5,9.6,8.9,8.9,8.9,8.8,8.9,8.8,8.9
"ET CETERA, Serendipity",2015,91.0,fine,9.6,9.6,9.7,8.9,8.9,8.8,8.9,8.9,8.9,8.8
"TARABOSTE, Pur Aristocratic",2015,91.0,fine,9.6,9.6,9.7,8.9,8.8,8.8,8.9,8.8,9.1,8.8
"PURCARI, Negru de Purcari",2015,91.4,fine,9.6,9.6,9.7,8.9,8.9,9.0,8.9,8.9,9.0,8.9
"EQUINOX, Sintagma v.1",2015,92.1,fine,9.5,9.6,9.7,9.0,9.0,9.1,9.0,9.0,9.0,8.8
"ET CETERA, Rose Spumante, Extra Brut",2016,90.5,nice,9.7,9.5,9.6,8.7,8.8,8.9,8.8,8.9,8.8,8.8
"BRUMARIU, Riesling, Ice-Wine",2007,92.0,fine,9.4,9.5,9.5,9.3,9.0,9.0,8.9,9.1,9.1,9.0
"PURCARI, Alb de Purcari",2016,90.0,nice,9.5,9.5,9.6,8.8,8.7,8.8,8.7,8.8,8.9,8.7
"RADACINI, Reserve ’16",2016,90.0,nice,9.4,9.5,9.7,8.8,8.8,8.7,8.7,8.8,8.9,8.7
"FÁUTOR, Aurore, Pinot Grigio",2017,90.7,nice,9.4,9.5,9.6,8.9,8.9,8.9,8.9,8.9,8.9,8.8
"PURCARI, Vinohora",2018,90.3,nice,9.7,9.7,9.7,8.7,8.7,8.8,8.7,8.7,8.9,8.7
"CRICOVA, Feteasca Neagra",2018,89.8,nice,9.7,9.6,9.7,8.7,8.5,8.7,8.6,8.6,9.0,8.7
"HERDADE DAS MOURAS DE ARRAIOLOS, Tapada das Lebres, Premium",2016,90.7,nice,9.5,9.6,9.7,8.8,8.8,8.9,8.9,8.8,8.9,8.8
"TIMBRUS, Polifonia, Note #1",2016,89.2,nice,9.5,9.4,9.1,8.7,8.8,8.7,8.7,8.7,8.9,8.7
"F’AUTOR, *310 Altitudine, Cabernet Sauvignon – Merlot",2016,90.1,nice,9.5,9.5,9.5,8.8,8.7,8.9,8.8,8.8,8.9,8.7
"PELICAN NEGRU, Velvet Red Blend",2015,90.6,nice,9.5,9.6,9.7,8.9,8.8,8.8,8.9,8.8,8.8,8.8
"SALCUTA, Eno, Reserva",2015,88.8,fair,9.4,9.5,9.5,8.8,8.8,8.7,8.5,8.5,8.8,8.3
"GITANA WINERY, Lupi",2013,91.6,fine,9.6,9.7,9.8,8.8,8.9,9.0,8.9,8.9,9.0,9.0
"ILLUSTRO, Rezerva",2013,91.2,fine,9.6,9.6,9.7,8.9,8.9,8.9,8.9,8.9,9.0,8.8
"PURCARI, Negru de Purcari, Vintage",2013,91.5,fine,9.6,9.7,9.7,8.9,8.9,8.9,9.0,8.9,9.0,8.9
"POGGIO AL TESORO, Sondraia, Bolgheri Superiore",2013,91.7,fine,9.6,9.6,9.7,8.9,8.9,9.0,9.0,8.9,9.2,8.9
"TENUTA DI ARCENO, Il Fauno di Arcanum, Toscana",2012,92.4,fine,9.6,9.6,9.6,9.0,9.0,9.0,9.0,9.1,9.3,9.0
"CHÂTEAU LA TOUR CARNET, Grand Cru Classé, Haut-Médoc",2012,92.4,fine,9.6,9.6,9.6,9.0,9.0,9.1,9.0,9.1,9.0,9.0
"VIÑA VIK, VIK, Millahue",2012,95.5,great,9.9,9.4,9.6,9.5,9.5,9.4,9.4,9.4,9.3,9.3
"PURCARI, Cuvée de Purcari, Extra Brut Alb",2012,90.0,nice,9.4,9.5,9.5,8.9,8.8,8.9,8.7,8.8,8.8,8.7
"GITANA WINERY, Alb de Gitana",2012,89.7,nice,9.3,9.5,9.6,8.7,8.8,8.8,8.7,8.8,8.8,8.7
"KTIMA GEROVASSILIOU, White",2016,90.5,nice,9.7,9.5,9.3,8.9,8.9,8.9,8.7,8.8,9.0,8.8
"CRICOVA, Prestige, Pinot Grigio",2017,88.7,fair,9.4,9.4,9.4,8.7,8.5,8.7,8.5,8.6,8.9,8.6
"FÁUTOR, Aurore, Feteasca Regala",2017,90.5,nice,9.6,9.6,9.6,8.9,8.8,8.9,8.7,8.8,8.9,8.7
"SALCUTA, Eno, Tamaioasa de Salcuta",2017,89.0,nice,9.6,9.7,9.6,8.7,8.7,8.8,8.3,8.5,8.6,8.5
"GITANA WINERY, Surori",2017,90.5,nice,9.5,9.6,9.7,8.8,8.8,8.9,8.8,8.8,8.9,8.7
"CONDE D’ERVIDEIRA, Vinho da Água II",2015,90.8,nice,9.7,9.5,9.7,8.9,8.9,8.9,8.8,8.8,8.9,8.7
"EQUINOX, Shiraz",2015,92.9,fine,9.7,9.7,9.8,8.9,9.0,8.9,9.4,9.0,9.0,8.9
"UNICORN ESTATE, Equilibrium, Cabernet Sauvignon – Merlot",2015,89.9,nice,9.2,9.5,9.6,8.8,8.8,8.8,8.8,8.8,8.8,8.8
"ET CETERA, Aeroplane, Cuvee Rouge",2015,90.2,nice,9.5,9.5,9.6,8.8,8.8,8.9,8.7,8.8,8.9,8.7
"MINIS TERRIOS, Rosu Imparat",2015,90.4,nice,9.5,9.5,9.6,8.8,8.9,8.8,8.8,8.8,8.9,8.8
"GOGU WINERY, Metafora",2015,90.4,nice,9.5,9.6,9.7,8.9,8.8,8.8,8.7,8.8,8.9,8.7
"GITANA WINERY, Lupi",2014,91.1,fine,9.5,9.6,9.7,8.8,8.9,8.9,8.9,8.9,9.0,8.9
"TIMBRUS, De Autor, Blend No.2",2015,90.2,nice,9.5,9.5,9.5,8.9,8.9,8.7,8.8,8.8,8.9,8.7
"PURCARI, Rosu de Purcari",2014,91.4,fine,9.6,9.5,9.7,8.9,9.0,9.0,8.9,8.9,9.0,8.9
"RADACINI, Reserve ’15",2015,90.6,nice,9.3,9.5,9.5,8.9,8.9,8.9,8.9,8.9,9.0,8.8
"VINARIA NOBILA, Feteasca Neagra",2014,90.8,nice,9.5,9.5,9.7,8.9,8.8,8.9,8.9,8.8,9.0,8.8
"1000 DE CHIPURI, Cabernet Franc",1000,91.7,fine,9.6,9.5,9.6,9.0,8.9,9.0,9.0,9.0,9.0,8.9
"CASTEL MIMÍ, Cabernet Sauvignon, Reserve",2012,91.7,fine,9.6,9.6,9.7,8.9,9.0,9.0,8.9,9.0,9.0,9.0
"ET CETERA, Spumante, Extra Brut",2016,90.4,nice,9.6,9.6,9.5,8.9,8.7,9.0,8.7,8.8,8.9,8.7
"FÁUTOR, Late Harvest, Rhein Riesling",2016,91.8,fine,9.6,9.7,9.8,9.1,8.9,9.0,8.9,9.0,9.0,8.8
"CARASTELEC, Vinca, Sophia, Cuvée Barrique",2015,92.0,fine,9.6,9.6,9.6,9.0,9.0,9.0,8.9,9.0,9.3,9.0
"ET CETERA, Cuvée Blanc",2015,90.2,nice,9.4,9.5,9.5,8.8,8.8,8.9,8.8,8.8,8.9,8.8
"TARABOSTE, Pur Aristocratic, Chardonnay",2015,90.3,nice,9.5,9.5,9.7,8.8,8.8,8.9,8.7,8.8,8.9,8.7
"BAUER, R.A.W.",2016,90.5,nice,9.7,9.6,9.5,8.8,8.7,8.9,8.7,8.8,9.0,8.8
"PURCARI, Rosé de Purcari",2017,91.5,fine,9.7,9.6,9.7,9.0,8.9,9.0,8.9,8.9,8.9,8.9
"POIANA WINERY, Rosé",2017,90.9,nice,9.7,9.6,9.5,8.9,8.8,8.9,8.8,8.9,8.9,8.9
"GITANA WINERY, Rosu de Gitana",2017,89.4,nice,9.0,9.5,9.4,8.7,8.8,8.8,8.7,8.7,8.9,8.7
"BOSTAVAN, Dor, Reserve, Cabernet Sauvignon",2015,90.4,nice,9.4,9.5,9.6,8.9,8.8,8.9,8.8,8.8,8.9,8.8
"CHÂTEAU VARTELY, Individo, Rara Neagra – Malbec – Syrah",2015,90.5,nice,9.5,9.5,9.6,8.9,8.8,8.8,8.9,8.8,8.9,8.8
"UNICORN ESTATE, Equilibrium, Cabernet Sauvignon – Merlot – Rara Neagra",2015,90.2,nice,9.3,9.5,9.6,8.8,8.8,8.8,8.9,8.8,9.0,8.7
"ASCONI, Sol Negru, Feteasca Neagra",2015,91.2,fine,9.7,9.6,9.7,8.9,8.8,8.9,8.9,8.9,9.0,8.8
"PURCARI, Vinohora",2015,90.5,nice,9.5,9.6,9.6,8.8,8.9,8.8,8.8,8.8,8.9,8.8
"CARLEVANA, Raritet, Rara Neagra",2014,90.4,nice,9.5,9.5,9.5,8.9,8.9,8.8,8.7,8.8,9.0,8.8
"GITANA WINERY, Autograf, Merlot",2014,90.4,nice,9.4,9.5,9.6,8.8,8.8,8.9,8.8,8.8,8.9,8.9
"VINARIA NOBILA, Merlot",2014,90.4,nice,9.5,9.6,9.6,8.8,8.8,8.8,8.8,8.8,8.9,8.8
"ERRAZURIZ, Max, Carmenere, Reserva",2014,91.5,fine,9.7,9.6,9.7,8.9,9.0,9.0,8.9,8.9,9.0,8.8
"TIMBRUS, Saperavi, Oenologist Reserve",2014,91.8,fine,9.7,9.5,9.5,8.9,9.0,9.1,8.9,9.0,9.0,9.0
"PENFOLDS, Bin 28, Kalimna, Shiraz",2013,92.5,fine,9.7,9.6,9.7,9.0,9.1,9.0,9.1,9.1,9.1,8.9
"PURCARI, Cuvée de Purcari, Alb Brut",2013,90.6,nice,9.5,9.6,9.6,8.8,8.9,8.9,8.8,8.9,8.8,8.8
"FÁUTOR, Late Harvest, Traminer",2016,91.1,fine,9.5,9.7,9.7,9.0,8.9,9.0,8.7,8.9,8.9,8.8
"GITANA WINERY, La Petite Sophie",2015,90.8,nice,9.6,9.7,9.7,8.8,8.7,8.9,8.7,8.8,9.2,8.7
"ET CETERA, Chardonnay, {barrel fermented}",2015,91.6,fine,9.5,9.6,9.7,8.9,9.0,9.0,8.9,8.9,9.1,9.0
"TIMBRUS, Polifonia, Note #3",2016,88.9,fair,9.4,9.4,9.5,8.7,8.6,8.8,8.6,8.7,8.8,8.4
"LA SASTRERIA, Garnacha Blanca",2017,89.3,nice,9.6,9.6,9.7,8.6,8.6,8.7,8.5,8.5,9.0,8.5
"PURCARI, Vinohora",2017,90.4,nice,9.5,9.5,9.4,8.8,8.9,9.0,8.8,8.9,8.8,8.8
"GITANA WINERY, Roz de Gitana",2017,90.3,nice,9.5,9.6,9.7,8.7,8.7,8.9,8.8,8.8,8.9,8.7
"KTIMA GEROVASSILIOU, Red",2011,89.9,nice,9.3,9.5,9.5,8.8,8.7,8.9,8.8,8.8,8.9,8.7
"CASTEL MIMÍ, Merlot, Reserve",2012,91.7,fine,9.7,9.7,9.8,9.0,8.9,9.0,8.9,8.9,8.9,8.9
"LAPOSTOLLE, Casa, Carmenère",2012,89.4,nice,9.5,9.3,9.5,8.8,8.7,8.8,8.7,8.7,8.8,8.6
"WINERY KHAREBA, Saperavi, Premium",2012,91.0,fine,9.5,9.6,9.5,8.9,8.9,8.9,8.9,8.9,9.0,8.9
"ALIRA, Flamma, Rosu Savuros",2013,89.8,nice,9.3,9.6,9.7,8.9,8.7,8.8,8.6,8.7,9.0,8.5
"SERVE, Cuvée Guillaume",2014,89.8,nice,9.6,9.5,9.6,8.8,8.5,8.9,8.8,8.7,9.1,8.3
"ASCONI, Sol Negru, Pinot Noir",2015,90.0,nice,9.3,9.4,9.5,8.9,8.8,8.9,8.8,8.8,8.8,8.8
"BOSTAVAN, Dor, Reserve, Merlot",2015,90.2,nice,9.4,9.5,9.5,8.8,8.8,8.9,8.8,8.8,8.9,8.8
"ET CETERA, Merlot",2014,91.0,fine,9.6,9.6,9.7,8.9,8.8,8.9,8.9,8.9,8.9,8.8
"GITANA WINERY, Autograf, Cabernet Sauvignon",2014,90.7,nice,9.5,9.5,9.6,8.9,8.8,8.9,8.9,8.9,8.9,8.8
"TARABOSTE, Pur Aristocratic, Cabernet Sauvignon",2014,90.8,nice,9.5,9.6,9.7,8.9,8.9,8.8,8.8,8.8,9.0,8.8
"CASA E. DI MIRAFIORE, Barbera D’Alba, Superiore",2014,92.3,fine,9.6,9.7,9.8,9.0,9.0,9.0,9.0,9.0,9.3,8.9
"SHABO, Grand Reserve, Cuvée Extra Brut",2014,90.1,nice,9.5,9.5,9.5,8.8,8.8,8.9,8.8,8.8,8.8,8.7
"CHÂTEAU VARTELY, Individo, Feteasca Regala – Riesling",2017,89.4,nice,9.6,9.5,9.6,8.7,8.7,8.6,8.6,8.7,8.9,8.5
"F’AUTOR, *310 Altitudine, Chardonnay – Feteasca Regala",2016,90.6,nice,9.5,9.5,9.7,8.9,8.8,8.9,8.8,8.8,8.9,8.8
"CONTEMPORAL, Vinho Verde, Alvarinho",2016,90.6,nice,9.5,9.6,9.7,8.8,8.8,8.9,8.8,8.8,8.9,8.8
"COMPROMISSO, Loureiro, Colheita Seleccionada",2016,91.0,fine,9.7,9.6,9.7,8.8,8.9,8.9,8.8,8.8,8.9,8.9
"VILLA MARIA, Sauvignon Blanc, Marlborough, Private Bin",2016,91.3,fine,9.6,9.7,9.6,8.9,8.9,9.1,8.8,8.9,8.9,8.9
"KAIKOURA BAY, Sauvignon Blanc, Hawkes Bay",2014,94.2,great,9.6,9.7,9.8,9.5,9.7,9.5,9.0,9.4,9.0,9.0
"CHÂTEAU VARTELY, Individo, Cabernet Sauvignon – Merlot",2017,90.4,nice,9.5,9.5,9.5,8.9,8.8,8.9,8.8,8.9,8.8,8.8
"LA SASTRERIA, Garnacha",2017,89.5,nice,9.4,9.5,9.4,8.7,8.7,8.8,8.7,8.7,8.9,8.7
"CLOS DU MONT-OLIVET, Châteauneuf-du-Pape",2012,90.4,nice,9.6,9.6,9.7,8.8,8.6,8.9,8.8,8.8,8.9,8.7
"TOHANI, Principele Radu, Merlot, Anul III",2012,91.9,fine,9.7,9.6,9.7,9.0,9.0,9.0,9.0,9.0,9.0,8.9
"CORCOVA, Cuvée Bohéme",2013,89.7,nice,9.7,9.5,9.7,8.7,8.5,8.8,8.7,8.5,9.1,8.5
"ALPHA ESTATE, Syrah – Merlot – Xynomavro",2013,91.8,fine,9.6,9.6,9.7,9.0,8.9,9.0,9.0,9.0,9.1,8.9
"EQUINOX, 5 Elemente",2014,92.6,fine,9.7,9.7,9.9,9.0,9.0,9.0,9.3,9.0,9.0,9.0
"ET CETERA, Serendipity",2014,90.8,nice,9.6,9.5,9.7,8.9,8.8,8.9,8.8,8.9,8.8,8.9
"VINARIA NOBILA, Sinodrea",2014,90.9,nice,9.3,9.6,9.7,8.9,8.9,8.8,8.8,8.8,9.3,8.8
"LES ARMES ROYALES, Saint-Emilion",2014,91.9,fine,9.7,9.8,9.6,9.0,8.9,8.9,9.0,9.0,9.0,8.8
"SACRE ROYAL, Haut-Médoc",2014,90.8,nice,9.5,9.6,9.6,8.9,8.8,8.8,8.9,8.9,9.0,8.8
"CRAMA OPRISOR, Smerenie",2015,91.9,fine,9.6,9.7,9.7,9.0,8.9,9.0,9.0,9.0,9.1,8.9
"F’AUTOR, Negre",2015,91.1,fine,9.7,9.7,9.7,9.0,8.8,8.9,9.0,9.0,9.0,8.9
"CORTEN, d’Oro, Extra Brut Alb",2015,90.4,nice,9.5,9.4,9.5,8.9,9.0,9.0,8.7,8.8,8.8,8.8
"F’AUTOR, Fumé Blanc",2016,91.2,fine,9.6,9.7,9.8,8.8,8.9,9.0,8.8,8.9,8.9,8.8
"CRICOVA, Prestige, Sauvignon",2016,90.1,nice,9.5,9.5,9.6,8.7,8.8,8.8,8.8,8.8,8.8,8.8
"CHÂTEAU VARTELY, Individo, Traminer – Sauvignon Blanc",2016,90.0,nice,9.5,9.6,9.7,8.8,8.7,8.8,8.7,8.7,8.8,8.7
"SCHLOSS JOHANNISBERG, Gelblack, Riesling Rheingau",2016,91.5,fine,9.7,9.6,9.7,8.9,9.0,9.0,8.9,8.9,8.9,8.9
"AVELEDA, Alvarinho, Colheita Selecionada",2016,90.5,nice,9.6,9.7,9.7,8.7,8.8,8.9,8.7,8.8,8.8,8.8
"VINVOYAGE, Viorica",2016,88.5,fair,9.5,9.5,9.4,8.7,8.5,8.7,8.5,8.6,8.8,8.3
"SAINT JEAN D’ARDIÉRES, Pinot Noir Rosé",2017,90.1,nice,9.6,9.6,9.6,8.8,8.7,8.9,8.7,8.7,8.7,8.8
"CRICOVA, Prestige, Rosé de Cricova",2017,90.2,nice,9.5,9.5,9.5,8.9,8.8,8.9,8.7,8.8,8.9,8.7
"UNICORN ESTATE, Symbioz, Private Collection, Cabernet Sauvignon",2010,90.5,nice,9.6,9.4,9.3,9.0,8.8,8.8,8.9,8.9,9.0,8.8
"DOMENIUL COROANEI, Minima Moralia, Recunostinta",2013,90.1,nice,9.3,9.5,9.6,8.9,8.8,8.8,8.8,8.8,8.9,8.7
"VINARIA NOBILA, Cabernet Sauvignon",2014,90.5,nice,9.5,9.6,9.7,8.9,8.8,8.8,8.8,8.8,8.9,8.7
"ET CETERA, Cabernet Sauvignon",2014,91.8,fine,9.6,9.6,9.7,9.0,9.0,9.0,9.0,9.0,8.9,9.0
"CRICOVA, Amplius",2014,89.9,nice,9.5,9.7,9.7,8.7,8.8,8.7,8.7,8.7,8.8,8.6
"GRANJA AMARELEJA, Alentejo, Reserva",2014,89.9,nice,9.4,9.4,9.5,8.8,8.7,8.9,8.8,8.8,8.9,8.7
"MONTE XANIC, Gran Ricardo",2014,92.7,fine,9.7,9.7,9.8,9.0,9.0,9.0,9.1,9.0,9.3,8.9
"EQUINOX, Echinoctius",2014,91.8,fine,9.6,9.7,9.7,8.9,9.0,8.9,9.1,8.9,9.1,8.9
"1000 DE CHIPURI, Feteasca Neagra",1000,90.9,nice,9.5,9.5,9.7,8.9,8.7,8.9,8.9,8.8,9.2,8.8
"KAIKOURA BAY, Pinot Noir, Hawkes Bay",2015,92.0,fine,9.5,9.6,9.7,8.9,9.0,9.7,8.8,9.0,8.9,8.9
"ALPHA ESTATE, Ecosystem, Pinot Noir, Single Block",2014,91.1,fine,9.5,9.5,9.7,9.0,9.0,8.9,8.9,8.9,8.9,8.8
"PURCARI, Cuvée de Purcari, Rosé Brut",2014,90.3,nice,9.4,9.5,9.5,8.8,8.9,8.9,8.8,8.9,8.8,8.8
"GITANA WINERY, Manastirea Rohrbach Cru",2015,90.8,nice,9.5,9.7,9.8,8.9,8.8,8.9,8.8,8.8,8.8,8.8
"VINARIA DIN VALE, Vintage, Chardonnay – Feteasca Alba",2015,89.7,nice,9.4,9.5,9.6,8.8,8.7,8.9,8.6,8.7,8.9,8.6
"CRICOVA, Feteasca Alba",2016,90.2,nice,9.4,9.4,9.6,8.8,8.9,8.9,8.8,8.8,8.8,8.8
"F’AUTOR, *310 Altitudine, Traminer – Riesling",2016,89.4,nice,9.6,9.6,9.5,8.8,8.6,8.7,8.6,8.7,8.8,8.5
"REGUENGO DE MELGAÇO, Alvarinho, Vinho Verde",2016,90.6,nice,9.5,9.7,9.8,8.9,8.8,8.9,8.7,8.7,8.9,8.7
"TIMBRUS, Viorica",2016,89.3,nice,9.3,9.5,9.3,8.7,8.8,8.7,8.8,8.7,8.8,8.7
"PURCARI, Vinohora",2016,90.6,nice,9.7,9.5,9.3,8.9,9.0,8.9,8.8,8.9,8.8,8.8
"BOSTAVAN, Dor, Merlot – Saperavi",2016,89.9,nice,9.5,9.4,9.5,8.8,8.7,8.8,8.8,8.8,8.8,8.8
"PURCARI, Negru de Purcari, Vintage",2013,91.5,fine,9.5,9.5,9.7,9.0,8.9,8.8,9.2,9.0,9.0,8.9
"CORCOVA, Reserve, Syrah",2013,91.6,fine,9.6,9.6,9.7,9.0,8.9,8.9,8.9,9.0,8.9,8.9
"DAC, Dac Rezerv",2014,89.9,nice,9.5,9.5,9.5,8.8,8.6,8.8,8.8,8.8,8.9,8.7
"CIMAROSA, Winemaker’s Selection",2012,90.8,nice,9.5,9.4,9.6,8.9,8.8,8.9,8.9,8.8,9.2,8.8
"MASI, Campofiorin, Rosso del Veronese",2011,90.7,nice,9.6,9.5,9.7,8.8,8.9,8.9,8.8,8.9,8.8,8.8
"ERRAZURIZ, Max Reserva, Cabernet Sauvignon",2013,90.3,nice,9.6,9.5,9.5,8.8,8.8,8.9,8.8,8.8,8.9,8.7
"TOHANI, Principele Radu, Merlot, Anul II",2011,92.1,fine,9.8,9.7,9.6,9.0,9.0,9.0,9.0,9.0,9.0,9.0
"BOTTEGA, Il Vino dei Poeti, Brunello di Montalcino",2012,92.9,fine,9.4,9.5,9.6,9.3,9.5,9.0,9.3,9.3,9.0,9.0
"DOMENIUL COROANEI, Principesa Margareta",2011,91.5,fine,10.0,9.6,9.7,9.0,8.9,8.9,8.8,8.9,8.9,8.8
"UNICORN ESTATE, Symbioz, Private Collection, Saperavi",2010,90.2,nice,9.5,9.5,9.5,8.8,8.7,8.8,8.8,8.9,8.9,8.8
"SIDÓNIO DE SOUSA, Garrafeira",2009,92.5,fine,9.7,9.5,9.7,9.0,9.0,9.0,9.0,9.0,9.0,9.0
"CHÂTEAU VARTELY, Spumant Clasic, Brut",2013,90.6,nice,9.6,9.5,9.7,8.8,8.9,8.9,8.8,8.8,8.8,8.8
"GEORGIOS LAFAZANIS, Sirius, Malagousia & Asyrtiko",2016,90.0,nice,9.5,9.7,9.5,8.8,8.7,8.8,8.7,8.8,8.7,8.8
"ET CETERA, Aeroplane, Affinité",2016,90.0,nice,9.4,9.6,9.6,8.8,8.7,8.9,8.7,8.7,8.9,8.7
"KRACHER, Pinot Gris Reserve",2015,90.5,nice,9.5,9.5,9.6,8.9,8.8,8.9,8.8,8.8,8.9,8.8
"CASTEL MIMÍ, Pinot Gris",2015,89.9,nice,9.4,9.5,9.7,8.8,8.7,8.8,8.7,8.8,8.8,8.7
"CRICOVA, Orasul Subteran, Viorica",2016,89.2,nice,9.4,9.3,9.4,8.8,8.7,8.9,8.7,8.7,8.7,8.6
"CHÂTEAU VARTELY, Individo, Cabernet Sauvignon – Merlot",2016,88.7,fair,9.4,9.5,9.6,8.7,8.2,8.9,8.7,8.6,8.8,8.3
"F’AUTOR, *310 Altitudine, Merlot – Feteasca Neagra",2016,89.6,nice,9.5,9.5,9.3,8.8,8.7,8.8,8.7,8.8,8.8,8.7
"RADACINI, Vintage, Merlot & Syrah",2016,84.9,fair,8.8,9.3,9.0,8.4,7.9,8.7,8.4,7.0,8.7,8.0
"BAUER, P.V.",2010,90.9,nice,9.9,9.7,9.8,9.1,8.7,8.7,8.7,8.7,8.9,8.7
"KATOGI AVEROFF, Inima, Xinomavro",2013,88.7,fair,9.5,9.6,9.5,8.8,8.5,8.7,8.7,8.7,8.7,8.0
"GAIA, Agiorgitiko",2013,90.3,nice,9.5,9.5,9.5,8.8,8.7,8.9,8.9,8.8,8.9,8.8
"NICO LAZARIDI, King of Hearts",2016,89.7,nice,9.3,9.4,9.5,8.8,8.8,8.9,8.7,8.8,8.8,8.7
"MONTE DOS PEGOS, Vinhas Velhas",2015,89.7,nice,9.6,9.6,9.6,8.7,8.8,8.6,8.7,8.7,8.8,8.6
"PICCINI, Chianti, Riserva",2014,89.7,nice,9.3,9.5,9.5,8.7,8.8,8.9,8.6,8.8,8.8,8.8
"UVAS DEL SOL, Malbec",2013,90.0,nice,9.4,9.5,9.6,8.8,8.8,8.7,8.8,8.8,8.8,8.8
"FERNWAY, Pinot Noir, Marlborough",2013,90.1,nice,9.2,9.4,9.5,8.9,8.8,8.9,8.8,8.8,8.9,8.9
"UNICORN ESTATE, Symbioz, Pinot Noir",2011,90.3,nice,9.4,9.5,9.7,8.8,8.7,9.0,8.8,8.8,8.8,8.8
"BOSTAVAN, Dor, Feteasca Neagra – Pinot Noir",2016,90.4,nice,9.4,9.5,9.6,8.9,8.8,8.9,8.8,8.9,8.8,8.8
"FAMILIA HETEI, Feteasca Neagra, Rezerva Familiei",2013,89.7,nice,9.4,9.4,9.5,8.7,8.9,8.8,8.7,8.8,8.8,8.7
"CRICOVA, Grand Vintage, Brut",2009,90.7,nice,9.5,9.5,9.7,8.9,8.8,8.9,8.8,8.9,8.9,8.8
"DOMENIUL COROANEI, Minima Moralia, Sinceritate",2011,90.0,nice,9.5,9.3,9.1,8.9,9.0,8.9,8.8,8.8,8.9,8.8
"UNICORN ESTATE, Equilibrium, Rkatsiteli – Chardonnay",2015,89.5,nice,9.5,9.5,9.5,8.8,8.7,8.7,8.6,8.7,8.9,8.6
"TIMBRUS, Traminer",2016,89.6,nice,9.3,9.5,9.3,8.7,8.8,8.9,8.8,8.8,8.8,8.7
"ET CETERA, Aeroplane, Petrichor",2016,90.3,nice,9.5,9.5,9.5,8.8,8.8,8.9,8.8,8.8,8.9,8.8
"F’AUTOR, Albariño",2016,89.9,nice,9.5,9.5,9.5,8.8,8.9,8.7,8.7,8.8,8.8,8.7
"CRAMA HISTRIA, Ammos, Rosé",2016,90.5,nice,9.5,9.7,9.7,8.8,8.8,8.9,8.7,8.8,8.8,8.8
"TIMBRUS, Rosé",2016,88.0,fair,9.3,9.5,9.4,8.7,8.5,8.8,8.6,8.6,8.8,7.4
"F’AUTOR, Rosé",2016,90.7,nice,9.5,9.6,9.7,8.9,8.8,8.9,8.8,8.9,8.8,8.8
"CHÂTEAU VARTELY, Individo, Feteasca Neagra",2015,89.8,nice,9.4,9.5,9.6,8.8,8.8,8.7,8.7,8.8,8.8,8.7
"CRICOVA, Feteasca Neagra",2015,89.3,nice,9.3,9.3,9.4,8.9,8.8,8.6,8.8,8.7,8.9,8.6
"TARABOSTE, Tribute, Pur Aristocratic, Cabernet Sauvignon, Rezerva",2011,90.5,nice,9.5,9.6,9.7,8.9,8.7,8.8,8.8,8.8,8.9,8.8
"DAC, Rosu Domnesc",2014,90.7,nice,9.6,9.5,9.7,8.9,8.8,8.8,8.9,8.8,8.9,8.8
"CASTEL MIMÍ, Rosu de Bulboaca",2014,89.8,nice,9.6,9.5,9.6,8.7,8.7,8.7,8.7,8.7,9.0,8.6
"KVINT, Grand Reserve, Cabernet Sauvignon – Merlot",2012,89.1,nice,9.4,9.3,9.2,8.7,8.7,8.7,8.9,8.7,8.8,8.7
"CHATEAU DENOVI, Negru de Iar",2011,90.9,nice,9.5,9.5,9.7,8.8,8.9,8.9,8.9,8.9,8.9,8.9
"UNICORN ESTATE, Symbioz, Private Collection, Rara Neagra",2009,91.7,fine,9.6,9.7,9.7,9.0,8.8,8.9,8.9,8.9,9.1,8.9
"CORTEN, Cabernet-Sauvignon",2011,89.8,nice,9.4,9.5,9.5,8.8,8.7,8.8,8.8,8.8,8.8,8.7
"PRINCE STIRBEY, Merlot",2011,90.4,nice,9.5,9.5,9.5,9.0,8.7,8.9,8.7,8.8,9.1,8.7
"UNICORN ESTATE, Symbioz, Private Collection, Pinot Noir",2009,90.4,nice,9.4,9.5,9.7,8.9,8.9,8.9,8.7,8.8,8.8,8.8
"RECAS, Sole, Spumant Alb Brut",2009,90.2,nice,9.4,9.5,9.6,8.7,8.8,8.9,8.9,8.8,8.8,8.8
"F’AUTOR, Fumé Blanc",2015,90.7,nice,9.5,9.6,9.7,8.9,8.8,8.9,8.8,8.9,8.9,8.7
"ET CETERA, Aeroplane, Affinité",2015,90.0,nice,9.4,9.5,9.6,8.8,8.9,8.8,8.6,8.8,8.9,8.7
"DAC, Balada",2015,89.6,nice,9.6,9.6,9.5,8.7,8.6,8.8,8.7,8.7,8.8,8.6
"RADACINI, Blanc de Cabernet",2015,89.7,nice,9.6,9.4,9.6,8.7,8.7,8.7,8.8,8.7,8.8,8.7
"ET CETERA, Aeroplane, Sauvignon Blanc",2016,94.0,great,9.8,9.7,9.8,9.5,9.3,9.7,8.9,9.3,9.0,9.0
"PURCARI, Rosé de Purcari",2016,90.7,nice,9.6,9.6,9.7,8.8,8.8,8.9,8.8,8.8,8.9,8.8
"DAC, Cabernet Sauvignon & Malbec Rosé",2016,89.7,nice,9.7,9.4,9.3,8.8,8.7,8.8,8.7,8.8,8.8,8.7
"CORTEN, Pinot Grigio Rosé",2016,87.5,fair,9.7,9.4,9.2,8.6,8.3,8.5,8.4,8.3,8.7,8.4
"CRAMA OPRISOR, Dragaica Rosie",2013,90.2,nice,9.4,9.5,9.5,8.8,8.8,8.8,8.9,8.8,8.9,8.8
"PELICAN NEGRU, Silk Red Blend",2014,89.7,nice,9.5,9.5,9.5,8.8,8.8,8.7,8.7,8.7,8.8,8.7
"TIMBRUS, De Autor",2014,90.2,nice,9.4,9.5,9.5,9.0,8.7,8.8,8.8,8.8,8.9,8.8
"DAC, Feteasca Neagra",2014,89.1,nice,9.3,9.4,9.5,8.7,8.8,8.6,8.7,8.7,8.8,8.6
"RADACINI, Vintage, Pinot Noir",2014,86.9,fair,9.0,9.2,9.3,8.5,8.3,8.7,8.4,8.5,8.7,8.3
"UNICORN ESTATE, Equilibrium, Pinot Noir",2015,89.2,nice,9.3,9.4,9.5,8.9,8.5,8.9,8.9,8.7,8.8,8.3
"ASCONI, Sol Negru, Malbec",2015,90.0,nice,9.4,9.4,9.5,8.9,8.8,8.8,8.8,8.8,8.8,8.8
"PURCARI, Rara Neagra de Purcari",2015,90.0,nice,9.5,9.5,9.3,9.0,8.8,8.8,8.8,8.8,8.8,8.7
"DAC, Rara Neagra",2014,89.8,nice,9.4,9.5,9.5,8.8,8.9,8.8,8.7,8.8,8.7,8.7
"AGUARIBAY, Malbec",2014,91.4,fine,9.7,9.7,9.5,9.0,8.8,8.9,9.0,8.9,9.0,8.9
"FINCA FLICHMAN, Gestos, Malbec + Malbec",2014,92.9,fine,9.6,9.7,9.7,9.0,8.9,9.0,9.3,9.0,9.3,9.0
"RADACINI, Reserve, Brut Alb",2014,90.5,nice,9.5,9.6,9.7,8.8,8.9,8.8,8.8,8.8,8.8,8.8
"CHÂTEAU VARTELY, Ice Wine, Riesling",2013,91.3,fine,9.4,9.5,9.5,9.0,9.3,9.2,8.7,9.0,8.7,8.8
"NACHBIL, Chardonnay Barrique",2011,88.9,fair,9.4,9.4,9.4,8.7,8.7,8.7,8.6,8.7,8.8,8.5
"M1. CRAMA ATELIER, Leat 6500, The Origin, Chardonnay",6500,90.5,nice,9.5,9.5,9.7,8.9,8.8,8.9,8.7,8.8,9.0,8.7
"ET CETERA, Chardonnay, {barrel fermented}",2014,88.7,fair,9.3,9.4,9.5,8.7,8.7,8.7,8.5,8.6,8.8,8.5
"BOSTAVAN, Dor, Traminer & Chardonnay",2014,88.4,fair,9.3,9.4,9.5,8.8,8.6,8.7,8.5,8.6,8.7,8.3
"F’AUTOR, Traminer",2014,90.0,nice,9.5,9.5,9.4,8.9,8.7,8.9,8.7,8.8,9.0,8.6
"CRICOVA, Prestige, Rosé de Cricova",2015,87.0,fair,9.4,9.2,8.8,8.7,8.7,8.5,8.5,8.5,8.7,8.0
"F’AUTOR, Merlot Rosé",2015,89.4,nice,9.0,9.5,9.5,8.8,8.7,8.8,8.7,8.8,8.9,8.7
"PURCARI, Negru de Purcari, Vintage",2011,90.8,nice,9.5,9.6,9.6,8.9,8.8,8.9,8.9,8.9,8.9,8.8
"SERVE, Cuvée Charlotte",2011,91.0,fine,9.6,9.5,9.5,8.8,8.9,9.0,8.9,9.0,8.9,8.9
"CRAMA BASILESCU, Golem",2011,92.2,fine,9.6,9.6,9.7,8.9,9.0,8.9,9.0,9.0,9.0,9.3
"COTO DE IMAZ, Rioja, Reserva",2011,90.4,nice,9.5,9.6,9.7,8.8,8.8,8.8,8.8,8.8,8.9,8.7
"DAVINO, Flamboyant",2012,92.7,fine,9.7,9.7,9.8,9.0,8.9,9.0,9.0,9.0,9.0,9.0
"EQUINOX, Echinoctius",2012,92.2,fine,9.8,9.8,9.8,8.9,8.9,8.9,9.0,9.0,9.1,9.0
"RECAS, Cuvee Überland",2012,91.2,fine,9.6,9.7,9.7,9.0,8.9,8.8,8.9,8.8,9.0,8.8
"ILLUSTRO, Rezerva",2013,90.7,nice,9.6,9.6,9.7,9.0,8.8,8.8,8.8,8.8,8.9,8.7
"PELICAN NEGRU, Velvet Red Blend",2013,91.4,fine,9.7,9.7,9.7,9.0,8.8,8.8,8.9,8.9,8.9,9.0
"PURCARI, Freedom Blend",2014,89.8,nice,9.7,9.5,9.7,8.8,8.7,8.7,8.7,8.7,8.8,8.5
"F’AUTOR, Tempranillo",2015,90.6,nice,9.5,9.5,9.6,9.0,8.8,8.9,8.8,8.8,9.1,8.6
"TAITTINGER, Champagne, Brut Millésimé",2008,92.7,fine,9.5,9.4,9.5,9.0,9.3,9.5,9.0,9.0,9.0,9.3
"AMBROZIA, Riesling, Noble Rot",2004,90.7,nice,9.0,9.6,9.5,9.3,9.0,9.0,8.8,8.9,8.8,8.8
"ET CETERA, Cuvee Blanc",2014,88.7,fair,9.3,9.4,9.0,8.8,8.8,8.7,8.7,8.7,8.8,8.5
"F’AUTOR, Chardonnay",2015,90.2,nice,9.6,9.5,9.7,8.8,8.7,8.8,8.7,8.8,8.9,8.7
"PURCARI, Pinot Grigio de Purcari",2015,90.2,nice,9.5,9.5,9.7,8.8,8.7,8.9,8.7,8.8,8.8,8.8
"VINARIA NOBILA, Feteasca Regala",2015,88.4,fair,9.4,9.4,9.0,8.7,8.6,8.7,8.7,8.7,8.7,8.5
"PURCARI, Sauvignon Blanc de Purcari",2015,90.7,nice,9.6,9.6,9.7,8.8,8.8,8.9,8.8,8.8,8.7,9.0
"GITANA WINERY, Surori",2015,89.7,nice,9.4,9.6,9.4,8.8,8.7,8.8,8.7,8.8,8.8,8.7
"MIMÍ, Cabernet Sauvignon Rosé",2015,89.8,nice,9.5,9.5,9.5,8.8,8.7,8.8,8.7,8.7,8.9,8.7
"RADACINI, Merlot Rosé",2015,88.9,fair,9.0,9.4,9.3,8.7,8.7,8.8,8.8,8.7,8.8,8.7
"SERVE, Terra Romana, Cuvée Guy de Poix",2012,90.9,nice,9.7,9.6,9.6,8.8,8.8,8.9,8.8,8.9,8.8,9.0
"ANIMA, 3 Fete Negre + 2014 + 2015",2013,91.7,fine,9.6,9.7,9.8,9.2,8.9,9.0,8.9,9.0,8.8,8.8
"1000 DE CHIPURI, Feteasca Neagra",1000,90.0,nice,9.6,9.5,9.6,8.9,8.7,8.8,8.8,8.7,8.9,8.5
SERAFIM | Feteasca Neagra,2013,89.0,nice,9.4,9.3,9.4,8.7,8.6,8.8,8.7,8.7,8.7,8.7
"EQUINOX, Shiraz",2012,90.4,nice,9.5,9.5,9.7,8.9,8.9,8.7,8.9,8.8,8.8,8.7
"TIMBRUS, Saperavi",2014,89.3,nice,9.4,9.4,9.4,8.8,8.8,8.7,8.7,8.7,8.8,8.6
"PELICAN NEGRU, Soft Red Blend",2013,90.4,nice,9.5,9.5,9.6,8.8,8.9,8.8,8.9,8.8,8.8,8.8
"CAMERON, Arley’s Leap, Pinot Noir",2013,90.5,nice,9.6,9.7,9.6,8.8,8.9,8.8,8.8,8.9,8.7,8.7
"PURCARI, Maluri de Prut",2015,89.2,nice,9.3,9.4,9.3,8.8,8.7,8.7,8.8,8.7,8.8,8.7
"F’AUTOR, Negre",2015,91.9,fine,9.7,9.7,9.7,9.0,8.8,8.9,9.0,9.0,9.0,8.9
"RADACINI, Spumant Brut Alb",2015,87.5,fair,9.5,9.4,9.2,8.5,8.7,8.8,8.7,7.4,8.7,8.2
"PURCARI, Icewine",2014,92.7,fine,9.4,9.7,9.5,9.0,8.9,9.5,9.7,9.0,8.8,8.8
"EQUINOX, 5 Elemente",2014,88.0,fair,9.2,9.2,9.0,8.7,8.7,8.8,8.5,8.6,8.8,8.5
"F’AUTOR, Chardonnay – Rkatiteli",2014,89.7,nice,9.5,9.4,9.6,8.8,8.7,8.8,8.7,8.7,8.9,8.6
"ET CETERA, Affinité",2014,89.9,nice,9.4,9.4,9.5,8.8,8.8,9.0,8.7,8.8,8.7,8.8
"CHÂTEAU VARTELY, Feteasca Regala",2015,89.5,nice,9.4,9.5,9.5,8.7,8.7,8.8,8.7,8.7,8.8,8.7
"F’AUTOR, Sauvignon Blanc",2015,90.4,nice,9.4,9.5,9.6,8.9,8.7,8.9,8.9,8.8,8.9,8.8
"EQUINOX, 5 Elemente",2014,89.5,nice,9.4,9.4,9.4,8.8,8.7,8.8,8.7,8.7,8.9,8.7
"CHÂTEAU VARTELY, Individo, Cabernet Sauvignon . Merlot",2015,89.9,nice,9.5,9.5,9.5,8.8,8.8,8.9,8.7,8.8,8.7,8.7
"EQUINOX, 5 Elemente",2015,88.9,fair,9.3,9.4,9.3,8.7,8.7,8.8,8.6,8.7,8.8,8.6
"ARTISAN, Feteasca Neagra",2011,91.5,fine,9.5,9.6,9.7,9.1,8.9,8.9,9.1,9.0,8.9,8.8
"METAMORFOSIS, Cantvs Primvs, Feteasca Neagra",2012,91.1,fine,9.5,9.6,9.7,9.0,9.0,8.8,9.0,8.9,8.9,8.7
"SELENE, Feteasca Neagra",2013,91.5,fine,9.5,9.6,9.7,9.1,9.0,9.0,8.9,9.0,8.9,8.8
"PURCARI, Pinot Noir de Purcari",2014,89.3,nice,9.1,9.5,9.4,8.7,8.8,8.8,8.8,8.7,8.8,8.7
"ET CETERA, Cabernet Sauvignon",2012,90.0,nice,9.5,9.5,9.7,8.9,8.7,8.7,8.7,8.7,8.9,8.7
"MINIS TERRIOS, Cabernet Sauvignon",2013,89.5,nice,9.3,9.4,9.5,8.8,8.8,8.7,8.7,8.7,8.9,8.7
"SERVE, Terra Romana, Feteasca Neagra",2013,90.0,nice,9.4,9.6,9.5,9.0,8.7,8.7,8.8,8.8,8.8,8.7
"VINARIA NOBILA, Feteasca Neagra",2013,90.7,nice,9.5,9.6,9.7,8.8,8.9,8.8,8.9,8.8,8.9,8.8
"PURCARI, Freedom Blend",2013,88.6,fair,9.4,9.5,9.3,8.8,8.7,8.7,8.6,8.5,8.8,8.3
"EQUINOX, 5 Elemente",2013,90.5,nice,9.7,9.6,9.7,8.9,8.8,8.7,8.8,8.7,8.9,8.7
"CRICOVA, de Lux, Spumant Clasic Alb Brut",2013,89.6,nice,9.3,9.4,9.5,8.8,8.8,8.7,8.7,8.8,8.9,8.7
"VINARIA DIN VALE, Ice Wine, Cabernet Sauvignon",2014,89.0,nice,9.0,9.2,9.0,8.9,8.8,8.9,8.7,8.8,8.9,8.8
"PURCARI, Vinohora",2014,89.9,nice,9.5,9.4,9.5,8.8,8.7,8.9,8.7,8.8,8.9,8.7
"MOLDA, Sauvignon-Chardonnay",2012,90.0,nice,9.3,9.4,9.5,8.9,8.9,8.8,8.8,8.9,8.7,8.8
"F’AUTOR, Rhein Riesling",2014,89.8,nice,9.3,9.4,9.5,8.8,8.9,8.9,8.7,8.8,8.7,8.8
"ALBASTRELE, Pinot Grigio",2014,88.8,fair,9.3,9.4,9.5,8.8,8.7,8.7,8.6,8.7,8.6,8.5
"CHÂTEAU VARTELY, Sauvignon Blanc",2015,89.7,nice,9.4,9.5,9.4,8.9,8.9,8.8,8.8,8.7,8.6,8.7
"PURCARI, Vinohora",2015,90.0,nice,9.4,9.6,9.5,8.8,8.8,8.8,8.8,8.8,8.8,8.7
"BOSTAVAN, Dor, Merlot – Saperavi",2015,87.9,fair,9.3,9.2,9.0,8.7,8.6,8.6,8.6,8.6,8.8,8.5
"ET CETERA, Rosé",2015,89.7,nice,9.4,9.5,9.6,8.8,8.8,8.7,8.7,8.8,8.7,8.7
"ROBERT MONDAVI, Napa Valley, Cabernet Sauvignon",2013,91.0,fine,9.5,9.6,9.7,8.8,8.8,8.9,9.0,8.9,9.0,8.8
"DEI GRATIA de Chipuri, Cabernet Sauvignon",1000,91.6,fine,9.7,9.6,9.7,8.9,9.0,8.9,8.9,8.9,9.0,9.0
"VINARTE, Soare, Cabernet Sauvignon",2011,91.9,fine,9.5,9.7,9.8,9.0,9.0,8.9,8.9,9.0,9.1,9.0
"CANTEA de Chipuri, Cabernet Sauvignon",1000,90.9,nice,9.5,9.7,9.8,8.9,8.7,8.7,8.8,8.8,9.2,8.8
"EQUINOX, Carmenère",2009,89.9,nice,9.3,9.5,9.6,8.8,8.9,8.8,8.7,8.8,8.8,8.7
"ASCONI, Sol Negru, Merlot",2012,88.6,fair,9.2,9.3,8.7,8.8,8.8,8.9,8.8,8.7,8.8,8.6
"PURCARI, Cabernet Sauvignon de Purcari",2012,87.8,fair,9.3,9.4,8.6,8.7,8.6,8.7,8.6,8.7,8.7,8.5
"CRICOVA, Prestige, Cabernet-Sauvignon",2011,89.2,nice,9.4,9.5,9.0,8.7,8.8,8.8,8.7,8.8,8.7,8.6
"EQUINOX, Trei Crai",2013,90.3,nice,9.5,9.5,9.6,9.0,8.8,8.7,8.9,8.8,8.8,8.7
"PURCARI, Vinohora",2014,89.9,nice,9.5,9.6,9.7,8.8,8.7,8.7,8.8,8.7,8.8,8.6
"CHI, Vintage, Brut, Special Cuvée",2014,88.5,fair,9.5,9.3,9.0,8.7,8.6,8.7,8.6,8.7,8.8,8.6
"BOSTAVAN, Floare de Dor, Ice Wine",2014,90.5,nice,9.3,9.5,9.5,9.1,9.0,9.0,8.7,8.9,8.8,8.7
"EQUINOX, 5 Elemente",2013,87.5,fair,9.5,9.4,8.8,8.7,8.6,8.8,8.6,8.2,8.6,8.3
"PURCARI, Chardonnay de Purcari",2012,89.7,nice,9.4,9.4,9.5,8.8,8.7,8.9,8.7,8.8,8.8,8.7
"CHÂTEAU VARTELY, Individo, Feteasca Regala . Riesling",2015,88.6,fair,9.4,9.3,8.9,8.8,8.7,8.8,8.7,8.7,8.7,8.6
"GITANA WINERY, Manastirea Rohrbach Cru",2014,90.0,nice,9.5,9.5,9.7,8.8,8.7,8.8,8.7,8.8,8.8,8.7
"ALBASTRELE, Sauvignon Blanc",2014,90.0,nice,9.4,9.5,9.5,8.9,8.8,8.9,8.8,8.8,8.7,8.7
"PURCARI, Rosé de Purcari",2015,90.4,nice,9.5,9.6,9.7,8.9,8.7,8.8,8.7,8.8,8.9,8.8
"CHÂTEAU VARTELY, Malbec & Syrah Rosé",2015,89.8,nice,9.5,9.4,9.3,8.7,8.8,8.9,8.7,8.8,8.9,8.8
"MINIS TERRIOS, Rosé",2015,87.0,fair,9.6,9.2,9.0,8.7,8.5,8.6,8.5,8.0,8.4,8.5
"MONTE DEL FRÁ, Valpolicella Ripasso, Classico Superiore",2010,89.9,nice,9.2,9.6,9.3,8.9,8.8,8.9,8.8,8.8,8.9,8.7
"EQUINOX, 5 Elemente",2012,90.5,nice,9.5,9.4,9.6,9.0,8.8,8.9,8.8,8.9,8.9,8.7
"DAC, Dac",2013,89.6,nice,9.4,9.5,9.3,8.9,8.5,8.9,8.8,8.7,8.9,8.7
"ET CETERA, Serendipity",2013,91.7,fine,9.6,9.5,9.7,9.0,8.9,9.0,8.9,9.0,9.0,8.9
"MEZALIMPE, Cabernet-Sauvignon",2011,88.7,fair,9.0,9.5,9.4,8.8,8.6,8.8,8.6,8.7,8.7,8.6
"MOLDA, Merlot",2010,90.4,nice,9.5,9.6,9.7,8.9,8.7,8.8,8.7,8.8,8.9,8.8
"GITANA WINERY, Lupi",2012,90.0,nice,9.5,9.6,9.7,8.8,8.6,8.8,8.7,8.7,8.9,8.7
"MINIS TERRIOS, Pinot Noir",2014,88.0,fair,9.4,9.5,9.4,8.6,8.4,8.7,8.6,8.2,9.0,8.2
"TARABOSTE, Pur Aristocratic, Grand Noir",2012,89.8,nice,9.4,9.5,9.6,8.8,8.9,8.7,8.7,8.8,8.7,8.7
"PURCARI, Negru de Purcari, Anniversary Edition, Vintage",2009,91.0,fine,9.6,9.5,9.7,9.0,8.8,8.7,8.8,8.9,9.0,8.8
"CRICOVA, Crisecco, Alb Brut",2009,89.5,nice,9.5,9.4,9.2,8.8,8.8,8.8,8.7,8.8,8.8,8.7
"ET CETERA, Cabernet Sauvignon, Late Harvest",2013,88.5,fair,9.0,9.2,8.8,8.9,8.8,8.7,8.8,8.8,8.7,8.8
"ILLUSTRO, Rezerva",2011,89.9,nice,9.5,9.4,9.6,8.8,8.7,8.8,8.7,8.8,8.9,8.7
"TARABOSTE, Pur Aristocratic, Chardonnay",2012,89.2,nice,9.4,9.2,9.3,8.9,8.6,8.8,8.8,8.7,8.8,8.7
"MOLDA, Chardonnay",2011,90.0,nice,9.7,9.5,9.3,8.8,8.6,8.8,8.7,8.7,9.2,8.7
"PURCARI, Pinot Grigio de Purcari",2014,89.9,nice,9.5,9.5,9.6,9.1,8.6,8.8,8.6,8.7,8.9,8.6
"F’AUTOR, Albariño",2015,90.0,nice,9.4,9.5,9.7,8.8,8.7,8.9,8.7,8.7,8.9,8.7
"DOMINO, Oivos Rosé",2015,81.8,fair,8.9,8.8,8.0,8.6,8.0,8.2,7.8,7.8,8.0,7.7
"GOGU WINERY, Rosé, Merlot-Cabernet-Saperavi",2015,86.3,fair,9.8,9.0,7.5,8.7,8.6,8.7,8.4,8.5,8.6,8.5
"ALBASTRELE, Merlot Rosé",2014,87.5,fair,9.2,9.3,8.5,8.7,8.6,8.6,8.6,8.6,8.8,8.6
"CRAMA OPRISOR, Cabernet Sauvignon",2011,91.5,fine,9.5,9.5,9.7,9.0,8.9,8.9,8.9,9.0,9.0,8.9
"GITANA WINERY, Merlot",2011,89.8,nice,9.2,9.3,9.5,8.9,8.8,8.7,8.9,8.8,9.0,8.7
"TARABOSTE, Pur Aristocratic, Cabernet Sauvignon, Rezerva",2011,90.0,nice,9.4,9.3,9.6,8.9,8.7,8.7,8.8,8.8,9.0,8.8
"MINIS TERRIOS, Feteasca Neagra",2014,88.6,fair,9.5,9.2,9.0,8.8,8.5,8.6,8.8,8.7,8.9,8.6
"PURCARI, Pinot Noir de Purcari",2013,89.2,nice,9.0,9.4,9.5,8.7,8.8,8.8,8.7,8.7,8.7,8.7
"CRICOVA, Orasul Subteran, Rara Neagra",2012,87.0,fair,9.3,9.2,9.0,8.8,8.0,8.7,8.5,8.4,8.8,8.3
"ET CETERA, Carménère",2013,89.5,nice,9.4,9.3,9.5,8.8,8.9,8.8,8.7,8.8,8.6,8.7
"EQUINOX, Merlot",2011,90.5,nice,9.4,9.4,9.6,8.9,8.8,8.8,9.0,8.8,9.0,8.8
"CHÂTEAU VARTELY, Winemaker’s Selection, Malbec",2013,88.6,fair,8.9,9.3,9.0,8.9,8.8,8.8,8.6,8.7,8.9,8.7
"ILLUSTRO, Rezerva",2009,89.8,nice,9.0,9.4,9.6,9.2,8.6,8.7,8.7,8.8,8.9,8.6
"CONTARINI, Valdobbiadene, Prosecco Superiore, Extra Brut",2013,90.5,nice,9.7,9.3,9.5,9.0,9.3,8.9,8.5,8.8,8.6,8.9
"MOLDA, Cabernet-Sauvignon, Late Harvest",2013,90.4,nice,8.8,9.1,9.0,9.1,9.2,9.6,8.8,9.2,8.7,8.9
"PURCARI, Alb de Purcari",2012,90.0,nice,9.5,9.4,9.5,8.9,8.8,8.8,8.7,8.8,8.9,8.7
"EQUINOX, Chardonnay",2014,89.3,nice,9.6,9.4,9.6,8.6,8.8,8.8,8.5,8.7,8.6,8.7
"ET CETERA, Sauvignon Blanc, {barrel fermented}",2012,91.2,fine,9.5,9.6,9.7,9.4,8.8,8.9,8.7,8.9,8.8,8.9
"ASCONI, Exceptional, Riesling",2014,89.4,nice,9.5,9.3,9.5,8.8,8.8,8.9,8.6,8.7,8.6,8.7
"F’AUTOR, Sauvignon Blanc",2014,89.7,nice,9.5,9.4,9.0,8.9,8.9,8.8,8.9,8.8,8.8,8.7
"VINARIA DIN VALE, Rosé",2014,87.4,fair,9.0,9.2,9.3,8.7,8.5,8.6,8.5,8.6,8.5,8.5
"MINIS TERRIOS, Rosé",2014,86.9,fair,9.4,8.9,8.7,8.5,8.6,8.7,8.6,8.5,8.5,8.5
"DAC, Cabernet Sauvignon & Siraz Rosé",2014,89.2,nice,9.5,9.3,9.2,8.8,8.7,8.8,8.7,8.7,8.8,8.7
"QUINTA DE LA ROSA, Reserva, Douro",2010,89.7,nice,9.0,9.4,9.5,9.0,8.8,8.7,8.8,8.7,8.8,8.7
"CHÂTEAU VARTELY, Individo, Rara Neagra . Malbec . Syrah",2014,89.4,nice,9.3,9.4,9.5,8.8,8.7,8.8,8.8,8.7,8.7,8.7
"BOSTAVAN, Dor, Rara Neagra – Cabernet Sauvignon",2014,88.5,fair,9.0,9.0,9.3,8.8,8.8,8.7,8.7,8.7,8.8,8.7
"MOLDA, Cabernet Sauvignon",2011,89.8,nice,9.0,9.4,9.5,8.9,8.8,8.8,8.8,8.8,8.8,8.7
"EQUINOX, Rara Neagra",2014,89.6,nice,9.3,9.3,9.5,9.0,8.7,8.8,8.8,8.8,8.7,8.7
"MEZALIMPE, Merlot",2011,88.7,fair,9.2,9.3,9.4,8.7,8.7,8.7,8.6,8.7,8.7,8.7
"ET CETERA, Cabernet – Sauvignon",2013,88.7,fair,9.2,9.2,9.3,8.8,8.6,8.8,8.7,8.7,8.9,8.5
"TARABOSTE, Pur Aristocratic, Pinot Noir",2009,87.5,fair,9.0,9.0,9.4,8.7,8.4,8.5,8.6,8.5,8.7,8.5
"GITANA WINERY, Cabernet Sauvignon",2011,89.7,nice,9.0,9.3,9.5,9.0,8.8,8.8,8.9,8.8,8.9,8.7
"PURCARI, Negru de Purcari",2010,90.5,nice,9.5,9.4,9.6,9.1,8.8,8.8,8.9,8.8,8.8,8.8
"CRICOVA, Cuvée Prestige, Brut Alb #",2010,89.7,nice,9.4,9.3,9.5,8.8,8.8,8.8,8.8,8.8,8.8,8.7
"CHÂTEAU VARTELY, Chardonnay, Dulce Alb",2013,90.6,nice,9.6,9.5,9.6,8.9,9.0,9.0,8.7,8.8,8.7,8.8
"F’AUTOR, Cuvée Blanc",2014,89.0,nice,9.5,9.1,9.3,8.8,8.7,8.8,8.7,8.8,8.7,8.6
"VINARIA NOBILA, Chardonnay",2011,88.5,fair,9.0,9.0,9.4,8.7,8.6,8.7,8.7,8.7,8.7,8.4
"TAKING ROOT, Pinot Grigio",2011,89.0,nice,9.0,9.4,9.6,8.7,8.7,8.6,8.6,8.7,8.6,8.8
"CHÂTEAU VARTELY, Feteasca Regala",2014,89.0,nice,9.4,9.3,9.5,8.6,8.8,8.7,8.7,8.7,8.6,8.7
"GITANA WINERY, Surori",2014,89.9,nice,9.4,9.4,9.5,8.9,8.8,8.9,8.7,8.8,8.8,8.7
"ULMU, Rosé, Merlot – Cabernet Sauvignon",2013,88.5,fair,9.0,9.0,9.4,8.6,8.7,8.8,8.6,8.7,8.5,8.6
"ALBASTRELE, Merlot Rosé",2013,88.7,fair,9.4,9.5,9.4,8.7,8.5,8.7,8.5,8.7,8.7,8.6
"J.HOFSTÄTTER, Meczan, Pinot Nero",2012,89.5,nice,9.0,9.4,9.2,8.9,8.7,8.8,8.8,8.8,8.9,8.7
"PURCARI, Rara Neagra de Purcari",2014,89.5,nice,9.2,9.4,9.6,8.9,8.7,8.7,8.8,8.7,8.8,8.7
"MOLDA, Pinot Noir",2012,91.0,fine,9.5,9.5,9.7,9.0,9.0,9.0,8.8,9.0,8.7,8.8
"EQUINOX, Cabernet Sauvignon",2009,88.8,fair,8.9,9.4,9.0,8.8,8.8,8.8,8.7,8.7,8.7,8.7
"ET CETERA, Merlot",2012,88.8,fair,9.0,9.4,9.5,8.8,8.5,8.9,8.8,8.7,8.8,8.4
"CRICOVA, Magnific",2011,84.7,fair,8.9,9.3,9.2,8.9,7.0,8.0,8.0,8.2,8.8,7.0
"TARABOSTE, Pur Aristocratic, Merlot, Rezerva",2007,91.0,fine,8.9,9.4,9.6,9.7,9.0,8.7,9.0,8.9,9.0,8.8
"MIMÍ, Rosu de Bulboaca",2011,88.8,fair,9.2,9.3,9.5,8.7,8.7,8.7,8.7,8.7,8.7,8.6
"CHÂTEAU VARTELY, Spumant Clasic, Brut Roz",2012,89.5,nice,9.1,9.2,9.4,8.7,9.0,8.9,8.9,8.9,8.6,8.8
"ACOREX WINE, Sonaletto, Muscat, Late Harvest",2006,88.8,fair,9.1,9.3,9.2,8.9,9.0,8.8,8.2,8.8,8.7,8.8
"CRICOVA, Vin Nobil",2013,88.8,fair,9.5,9.4,9.6,8.6,8.8,8.7,8.5,8.7,8.5,8.5
"MOLDA, Chardonnay",2012,92.0,fine,9.7,9.6,9.8,9.0,8.8,9.0,8.9,8.9,9.0,8.9
"CRAMA PURCARI, Pinot Gris",2013,83.5,fair,9.3,9.2,8.0,7.0,8.2,8.3,8.3,8.2,8.5,7.4
"ET CETERA, Sauvignon Blanc",2014,90.8,nice,9.5,9.5,9.7,8.8,9.0,8.8,8.8,8.9,8.9,8.9
"PURCARI, Rosé de Purcari",2014,90.0,nice,9.5,9.4,9.5,8.8,8.8,8.9,8.8,8.8,8.8,8.7
"MEZALIMPE, Cabernet-Sauvignon Rosé",2013,88.9,fair,9.3,9.2,9.4,8.7,8.8,8.9,8.6,8.7,8.7,8.6
"F’AUTOR, Cabernet Sauvignon Rosé",2014,89.5,nice,9.6,9.4,9.5,8.7,8.8,8.9,8.6,8.8,8.5,8.7
"SHUMI WINERY, Saperavi",2012,88.5,fair,9.1,9.2,9.3,8.7,8.9,8.8,8.5,8.7,8.6,8.7
"CHÂTEAU VARTELY, Winemaker’s Selection, Syrah",2011,88.7,fair,9.1,9.2,9.3,8.8,8.7,8.6,8.8,8.7,9.0,8.5
"A-WINE, Cabernet-Merlot",2011,88.7,fair,8.9,9.0,9.2,8.9,8.8,8.8,8.7,8.8,8.9,8.7
"ALBASTRELE, Lancellotta",2012,82.7,fair,8.5,8.7,8.0,8.3,8.2,8.3,8.0,8.2,8.5,8.0
"ULMU, Cabernet Sauvignon",2012,87.5,fair,9.0,9.1,9.2,8.7,8.6,8.7,8.6,8.5,8.6,8.5
"MIMÍ, Merlot",2012,89.0,nice,9.1,9.4,9.5,8.8,8.6,8.7,8.8,8.7,8.8,8.6
"PURCARI, Rosu de Purcari",2010,90.0,nice,9.2,9.4,9.6,8.9,8.7,8.8,8.8,8.8,9.0,8.8
"ET CETERA, Cuvée Rouge",2012,88.8,fair,9.2,9.3,9.4,8.8,8.8,8.7,8.8,8.7,8.6,8.5
"EQUINOX, Shiraz, Rezerva Vinificatorului",2011,90.5,nice,9.0,9.0,9.5,9.4,8.8,8.9,9.0,8.9,9.0,8.8
"CRICOVA, Sauvage Rosé, Extra Brut #",2011,88.7,fair,9.0,9.2,9.3,8.7,8.8,8.9,8.7,8.8,8.5,8.8
"ACOREX WINE, Sonaletto, Traminer, Late Harvest",2006,88.7,fair,9.2,9.2,9.2,8.8,9.0,8.8,8.4,8.8,8.6,8.7
"F’AUTOR, Chardonnay – Rkatiteli",2012,89.5,nice,9.4,9.3,9.5,8.7,8.8,8.9,8.7,8.8,8.8,8.6
"TARABOSTE, Pur Aristocratic, Chardonnay",2013,89.4,nice,9.5,9.5,9.6,8.7,8.6,8.7,8.6,8.7,8.8,8.7
"MOLDA, Riesling",2012,89.2,nice,9.5,9.0,9.4,8.7,8.8,8.8,8.6,8.8,8.6,8.8
"PURCARI, Sauvignon de Purcari",2014,90.0,nice,9.6,9.5,9.7,8.8,8.8,8.7,8.7,8.8,8.7,8.7
"CHÂTEAU VARTELY, Malbec & Syrah Rosé",2014,89.4,nice,9.4,9.4,9.6,8.8,8.8,8.7,8.6,8.7,8.7,8.7
"ET CETERA, Rosé",2014,88.9,fair,9.5,9.3,9.5,8.7,8.8,8.6,8.6,8.7,8.6,8.6
"MIMÍ, Cabernet Sauvignon Rosé",2014,87.0,fair,9.5,9.4,9.5,8.6,8.5,8.6,8.3,8.4,8.5,7.0
"CRAMA OPRISOR, Cupola Sanctis, Sfantul Nicolae",2010,87.5,fair,8.9,9.2,8.9,8.7,8.6,8.6,8.7,8.6,8.7,8.6
"GITANA WINERY, Saperavi",2012,89.5,nice,9.2,9.3,9.4,8.8,8.8,8.8,8.7,8.9,8.7,8.9
"VINARIA DIN VALE, Feteasca Neagra",2013,80.0,fair,8.8,8.4,8.0,1.0,1.0,8.2,8.0,1.0,8.0,7.5
"EQUINOX, 5 Elemente",2011,90.5,nice,9.0,9.5,9.6,8.9,9.0,9.0,8.8,8.9,8.8,9.0
"ASCONI, Sol Negru, Cabernet-Sauvignon",2012,88.0,fair,9.2,9.3,9.2,8.7,8.5,8.6,8.5,8.6,8.8,8.6
"VINARIA NOBILA, Merlot",2012,90.2,nice,9.3,9.4,9.6,8.9,8.8,8.8,8.9,8.9,8.8,8.8
"BOSTAVAN, Via Etulia, Cabernet Sauvignon",2011,88.7,fair,9.0,9.2,9.4,8.8,8.7,8.7,8.8,8.7,8.7,8.7
"CRICOVA, Prestige, Codru",2011,88.4,fair,9.3,9.3,9.4,8.7,8.5,8.7,8.7,8.7,8.8,8.3
"TARABOSTE, Pur Aristocratic, Rezerva",2009,89.0,nice,9.2,9.3,9.5,8.8,8.6,8.7,8.7,8.7,8.8,8.7
"ACOREX WINE, Cuvée Aleksandr, Brut #",2009,90.4,nice,9.6,9.0,9.4,8.8,9.0,9.0,8.8,9.0,8.6,9.0
"MIMÍ, Icewine, Rkatiteli",2013,88.5,fair,9.5,9.0,9.0,8.9,9.0,8.7,8.0,8.7,8.7,8.8
"GITANA WINERY, La Petite Sophie",2013,90.0,nice,9.5,9.4,9.6,9.0,8.8,8.7,8.7,8.8,8.7,8.8
"ET CETERA, Chardonnay, {barrel fermented}",2012,88.6,fair,9.5,9.4,9.5,8.7,8.5,8.6,8.5,8.6,8.7,8.6
"F’AUTOR, Sauvignon Blanc, Late Harvest",2011,90.5,nice,9.4,9.3,9.4,9.3,9.0,8.7,8.7,9.0,8.7,9.0
"VINARIA NOBILA, Riesling",2013,88.0,fair,9.4,8.8,8.9,8.8,8.7,8.8,8.7,8.7,8.6,8.6
"KVINT, Solaricco Rosé",2013,84.7,fair,9.0,9.2,9.0,8.4,8.3,8.4,8.2,8.0,8.2,8.0
"PURCARI, Rosé de Purcari",2013,89.8,nice,9.5,9.4,9.6,8.7,8.7,8.9,8.7,8.8,8.8,8.7
"CRICOVA, Prestige, Rosé de Cricova",2012,88.5,fair,9.3,9.2,9.5,8.7,8.7,8.7,8.6,8.6,8.6,8.6
LA CANOVA | Monferrato Dolcetto,2012,87.3,fair,9.0,9.0,9.2,8.6,8.7,8.6,8.5,8.6,8.7,8.4
"MINIS TERRIOS, Merlot",2013,88.0,fair,9.1,9.3,9.4,8.7,8.7,8.6,8.5,8.7,8.5,8.5
"CARLEVANA, Raritet, Malbec",2011,85.8,fair,9.0,9.1,9.2,8.3,8.5,8.4,8.5,8.4,8.4,8.0
"CHÂTEAU VARTELY, Winemaker’s Selection, Rara Neagra & Merlot & Syrah",2012,89.0,nice,9.3,9.3,9.5,8.8,8.8,8.7,8.6,8.7,8.7,8.6
"MEZALIMPE, Cabernet-Sauvignon",2009,88.5,fair,9.3,9.5,9.7,8.5,8.6,8.5,8.5,8.6,8.7,8.6
"FIREBIRD LEGEND, Merlot – Cabernet Sauvignon",2010,85.7,fair,9.0,9.0,8.8,8.4,8.5,8.6,8.2,8.3,8.5,8.4
"MIMÍ, Cabernet Sauvignon",2012,89.4,nice,9.3,9.5,9.6,8.8,8.6,8.7,8.7,8.7,8.8,8.7
"TAKING ROOT, Bastardo – Cabernet Sauvignon",2010,86.7,fair,9.1,9.3,9.5,8.7,8.0,8.4,8.5,8.3,8.7,8.2
"MOLDA, Merlot",2011,90.5,nice,9.4,9.5,9.6,9.0,8.7,8.7,8.9,8.8,9.0,8.7
"CRICOVA, Grand Vintage, Brut 2007",2007,90.7,nice,9.4,9.6,9.7,9.0,8.8,8.9,8.8,8.9,8.8,8.8
"ALBASTRELE, Blanc de Cabernet",2012,89.7,nice,9.5,9.6,9.7,8.7,8.8,8.7,8.7,8.7,8.6,8.7
"VINARIA DIN VALE, Feteasca",2013,89.2,nice,9.4,9.4,9.6,8.8,8.6,8.7,8.7,8.7,8.7,8.6
"FIREBIRD LEGEND, Pinot Grigio",2009,87.4,fair,9.0,9.0,9.2,8.6,8.7,8.7,8.6,8.5,8.6,8.5
"F’AUTOR, Merlot Rosé",2013,87.8,fair,9.2,9.3,9.4,8.6,8.5,8.7,8.6,8.6,8.4,8.5
"CHI, Vintage, Merlot Rosé",2013,87.7,fair,9.0,9.2,9.3,8.6,8.7,8.7,8.7,8.6,8.4,8.5
"CAVE DES HAUTES CÔTES, Bourgogne, Pinot Noir",2010,89.7,nice,9.4,9.5,9.6,8.7,8.6,8.9,8.8,8.8,8.6,8.8
"CHÂTEAU VARTELY, Winemaker’s Selection, Feteasca Neagra",2012,88.4,fair,9.2,9.3,9.4,8.7,8.6,8.7,8.6,8.7,8.6,8.6
"VINARIA NOBILA, Cabernet Sauvignon",2012,89.3,nice,9.3,9.4,9.5,8.8,8.7,8.7,8.6,8.8,8.8,8.7
"PURCARI, Freedom Blend",2011,89.7,nice,9.3,9.4,9.6,8.8,8.8,8.8,8.7,8.7,8.7,8.9
"EQUINOX, Echinoctius",2009,90.0,nice,9.2,9.4,9.6,8.9,8.7,8.7,9.0,8.8,9.0,8.7
"GITANA WINERY, Lupi",2011,89.9,nice,9.4,9.5,9.7,8.8,8.7,8.7,8.8,8.8,8.8,8.7
"CRICOVA, Vin Virgin",2011,88.9,fair,9.4,9.5,9.7,8.7,8.6,8.6,8.7,8.5,8.7,8.5
"ET CETERA, Merlot",2011,88.7,fair,9.4,9.5,9.6,8.8,8.4,8.7,8.7,8.6,8.7,8.3
"CHÂTEAU VARTELY, Spumant Clasic, Brut",2011,89.7,nice,9.5,9.4,9.6,8.7,8.7,8.8,8.7,8.8,8.7,8.8
"F’AUTOR, Rhein Riesling, Late Harvest",2010,90.7,nice,9.3,9.3,9.5,9.0,9.0,9.0,8.7,9.0,8.7,9.0
"BOSTAVAN, Via Etulia, Chardonnay",2011,88.5,fair,9.3,9.2,9.4,8.7,8.7,8.6,8.7,8.6,8.7,8.6
"CRAMA PURCARI, Sauvignon Blanc",2013,86.9,fair,9.0,9.2,9.4,8.5,8.4,8.6,8.5,8.4,8.5,8.4
"MOLDA, Pinot-Merlot Rosé",2012,89.9,nice,9.5,9.4,9.5,8.9,8.8,8.9,8.6,8.8,8.7,8.8
"FIREBIRD LEGEND, Merlot Rosé",2009,88.8,fair,9.3,9.3,9.3,8.8,8.7,8.8,8.6,8.8,8.5,8.7
"CRAMA OPRISOR, Dragaica Rosie",2011,89.6,nice,9.4,9.5,9.6,8.8,8.7,8.7,8.8,8.7,8.8,8.6
"ACOREX WINE, Amaro de la Valea Perjei",2004,88.3,fair,9.2,9.3,9.5,8.7,8.5,8.7,8.7,8.5,8.7,8.5
"CRESCENDO, Pinot Noir",2011,85.0,fair,9.2,9.3,9.5,8.7,8.0,8.4,8.4,8.0,8.0,7.5
"ET CETERA, Carménère",2012,88.9,fair,9.0,9.2,9.4,8.8,8.7,8.8,8.8,8.8,8.7,8.7
"CRICOVA, Prestige, Cabernet-Sauvignon",2005,88.5,fair,9.0,9.0,9.3,8.8,8.7,8.8,8.7,9.0,8.7,8.5
"EQUINOX, Cabernet Sauvignon",2010,90.0,nice,9.3,9.4,9.7,9.0,8.6,8.7,8.9,8.8,8.9,8.7
"CHÂTEAU VARTELY, Winemaker’s Selection, Malbec",2012,88.8,fair,9.2,9.2,9.4,8.8,8.7,8.7,8.6,8.8,8.7,8.7
"PURCARI, Anniversary Edition, Negru de Purcari, Vintage",2009,91.7,fine,9.6,9.5,9.7,9.0,8.7,8.8,9.0,9.0,9.0,9.0
